Date,Close,,ticker,AGG
12/31/2010 16:00:00,105.75,,attribute,Close
1/3/2011 16:00:00,105.63,,start_date,12/31/2010
1/4/2011 16:00:00,105.66,,end_date,12/31/2020
1/5/2011 16:00:00,105.15,,,
1/6/2011 16:00:00,105.17,,,
1/7/2011 16:00:00,105.51,,,
1/10/2011 16:00:00,105.79,,,
1/11/2011 16:00:00,105.58,,,
1/12/2011 16:00:00,105.57,,,
1/13/2011 16:00:00,105.95,,,
1/14/2011 16:00:00,105.73,,,
1/18/2011 16:00:00,105.66,,,
1/19/2011 16:00:00,105.68,,,
1/20/2011 16:00:00,105.28,,,
1/21/2011 16:00:00,105.61,,,
1/24/2011 16:00:00,105.55,,,
1/25/2011 16:00:00,105.88,,,
1/26/2011 16:00:00,105.53,,,
1/27/2011 16:00:00,105.71,,,
1/28/2011 16:00:00,105.86,,,
1/31/2011 16:00:00,105.66,,,
2/1/2011 16:00:00,105.12,,,
2/2/2011 16:00:00,105,,,
2/3/2011 16:00:00,104.61,,,
2/4/2011 16:00:00,104.26,,,
2/7/2011 16:00:00,104.3,,,
2/8/2011 16:00:00,104,,,
2/9/2011 16:00:00,104.19,,,
2/10/2011 16:00:00,103.89,,,
2/11/2011 16:00:00,104.3,,,
2/14/2011 16:00:00,104.35,,,
2/15/2011 16:00:00,104.48,,,
2/16/2011 16:00:00,104.48,,,
2/17/2011 16:00:00,104.73,,,
2/18/2011 16:00:00,104.69,,,
2/22/2011 16:00:00,105.07,,,
2/23/2011 16:00:00,105.15,,,
2/24/2011 16:00:00,105.17,,,
2/25/2011 16:00:00,105.45,,,
2/28/2011 16:00:00,105.65,,,
3/1/2011 16:00:00,105.28,,,
3/2/2011 16:00:00,105.11,,,
3/3/2011 16:00:00,104.74,,,
3/4/2011 16:00:00,105.02,,,
3/7/2011 16:00:00,105.07,,,
3/8/2011 16:00:00,104.99,,,
3/9/2011 16:00:00,105.24,,,
3/10/2011 16:00:00,105.61,,,
3/11/2011 16:00:00,105.63,,,
3/14/2011 16:00:00,105.69,,,
3/15/2011 16:00:00,105.73,,,
3/16/2011 16:00:00,106.03,,,
3/17/2011 16:00:00,105.96,,,
3/18/2011 16:00:00,105.92,,,
3/21/2011 16:00:00,105.67,,,
3/22/2011 16:00:00,105.68,,,
3/23/2011 16:00:00,105.63,,,
3/24/2011 16:00:00,105.34,,,
3/25/2011 16:00:00,105.25,,,
3/28/2011 16:00:00,105.2,,,
3/29/2011 16:00:00,105.07,,,
3/30/2011 16:00:00,105.25,,,
3/31/2011 16:00:00,105.13,,,
4/1/2011 16:00:00,104.96,,,
4/4/2011 16:00:00,105.13,,,
4/5/2011 16:00:00,104.91,,,
4/6/2011 16:00:00,104.6,,,
4/7/2011 16:00:00,104.76,,,
4/8/2011 16:00:00,104.56,,,
4/11/2011 16:00:00,104.66,,,
4/12/2011 16:00:00,105.06,,,
4/13/2011 16:00:00,105.17,,,
4/14/2011 16:00:00,105.07,,,
4/15/2011 16:00:00,105.45,,,
4/18/2011 16:00:00,105.63,,,
4/19/2011 16:00:00,105.84,,,
4/20/2011 16:00:00,105.69,,,
4/21/2011 16:00:00,105.76,,,
4/25/2011 16:00:00,105.82,,,
4/26/2011 16:00:00,106.21,,,
4/27/2011 16:00:00,106.12,,,
4/28/2011 16:00:00,106.37,,,
4/29/2011 16:00:00,106.46,,,
5/2/2011 16:00:00,106.2,,,
5/3/2011 16:00:00,106.23,,,
5/4/2011 16:00:00,106.43,,,
5/5/2011 16:00:00,106.67,,,
5/6/2011 16:00:00,106.66,,,
5/9/2011 16:00:00,106.78,,,
5/10/2011 16:00:00,106.59,,,
5/11/2011 16:00:00,106.78,,,
5/12/2011 16:00:00,106.62,,,
5/13/2011 16:00:00,106.79,,,
5/16/2011 16:00:00,107.02,,,
5/17/2011 16:00:00,107.14,,,
5/18/2011 16:00:00,106.97,,,
5/19/2011 16:00:00,106.89,,,
5/20/2011 16:00:00,106.99,,,
5/23/2011 16:00:00,107.08,,,
5/24/2011 16:00:00,107.12,,,
5/25/2011 16:00:00,107.1,,,
5/26/2011 16:00:00,107.33,,,
5/27/2011 16:00:00,107.43,,,
5/31/2011 16:00:00,107.46,,,
6/1/2011 16:00:00,107.61,,,
6/2/2011 16:00:00,107.18,,,
6/3/2011 16:00:00,107.32,,,
6/6/2011 16:00:00,107.34,,,
6/7/2011 16:00:00,107.56,,,
6/8/2011 16:00:00,107.65,,,
6/9/2011 16:00:00,107.49,,,
6/10/2011 16:00:00,107.48,,,
6/13/2011 16:00:00,107.34,,,
6/14/2011 16:00:00,107.05,,,
6/15/2011 16:00:00,107.32,,,
6/16/2011 16:00:00,107.39,,,
6/17/2011 16:00:00,107.49,,,
6/20/2011 16:00:00,107.35,,,
6/21/2011 16:00:00,107.45,,,
6/22/2011 16:00:00,107.38,,,
6/23/2011 16:00:00,107.73,,,
6/24/2011 16:00:00,107.63,,,
6/27/2011 16:00:00,107.44,,,
6/28/2011 16:00:00,107.01,,,
6/29/2011 16:00:00,106.69,,,
6/30/2011 16:00:00,106.67,,,
7/1/2011 16:00:00,106.4,,,
7/5/2011 16:00:00,106.81,,,
7/6/2011 16:00:00,106.87,,,
7/7/2011 16:00:00,106.57,,,
7/8/2011 16:00:00,107.12,,,
7/11/2011 16:00:00,107.41,,,
7/12/2011 16:00:00,107.5,,,
7/13/2011 16:00:00,107.71,,,
7/14/2011 16:00:00,107.44,,,
7/15/2011 16:00:00,107.59,,,
7/18/2011 16:00:00,107.43,,,
7/19/2011 16:00:00,107.66,,,
7/20/2011 16:00:00,107.49,,,
7/21/2011 16:00:00,107.32,,,
7/22/2011 16:00:00,107.55,,,
7/25/2011 16:00:00,107.24,,,
7/26/2011 16:00:00,107.49,,,
7/27/2011 16:00:00,107.31,,,
7/28/2011 16:00:00,107.52,,,
7/29/2011 16:00:00,108.16,,,
8/1/2011 16:00:00,108.12,,,
8/2/2011 16:00:00,108.58,,,
8/3/2011 16:00:00,108.69,,,
8/4/2011 16:00:00,109.27,,,
8/5/2011 16:00:00,108.55,,,
8/8/2011 16:00:00,108.6,,,
8/9/2011 16:00:00,109.24,,,
8/10/2011 16:00:00,110.13,,,
8/11/2011 16:00:00,108.76,,,
8/12/2011 16:00:00,109.24,,,
8/15/2011 16:00:00,109.41,,,
8/16/2011 16:00:00,109.64,,,
8/17/2011 16:00:00,109.82,,,
8/18/2011 16:00:00,109.98,,,
8/19/2011 16:00:00,110.03,,,
8/22/2011 16:00:00,109.89,,,
8/23/2011 16:00:00,109.63,,,
8/24/2011 16:00:00,109.01,,,
8/25/2011 16:00:00,109.23,,,
8/26/2011 16:00:00,109.38,,,
8/29/2011 16:00:00,109.26,,,
8/30/2011 16:00:00,109.6,,,
8/31/2011 16:00:00,109.5,,,
9/1/2011 16:00:00,109.62,,,
9/2/2011 16:00:00,109.95,,,
9/6/2011 16:00:00,110.24,,,
9/7/2011 16:00:00,109.98,,,
9/8/2011 16:00:00,110.01,,,
9/9/2011 16:00:00,110.16,,,
9/12/2011 16:00:00,109.94,,,
9/13/2011 16:00:00,109.98,,,
9/14/2011 16:00:00,110,,,
9/15/2011 16:00:00,109.68,,,
9/16/2011 16:00:00,109.84,,,
9/19/2011 16:00:00,110.08,,,
9/20/2011 16:00:00,110.3,,,
9/21/2011 16:00:00,110.48,,,
9/22/2011 16:00:00,110.8,,,
9/23/2011 16:00:00,110.23,,,
9/26/2011 16:00:00,109.98,,,
9/27/2011 16:00:00,109.83,,,
9/28/2011 16:00:00,109.74,,,
9/29/2011 16:00:00,109.7,,,
9/30/2011 16:00:00,110.11,,,
10/3/2011 16:00:00,110.34,,,
10/4/2011 16:00:00,110,,,
10/5/2011 16:00:00,109.63,,,
10/6/2011 16:00:00,109.45,,,
10/7/2011 16:00:00,109.23,,,
10/10/2011 16:00:00,109.01,,,
10/11/2011 16:00:00,109.27,,,
10/12/2011 16:00:00,109.06,,,
10/13/2011 16:00:00,109.12,,,
10/14/2011 16:00:00,108.94,,,
10/17/2011 16:00:00,109.37,,,
10/18/2011 16:00:00,109.25,,,
10/19/2011 16:00:00,109.41,,,
10/20/2011 16:00:00,109.35,,,
10/21/2011 16:00:00,109.41,,,
10/24/2011 16:00:00,109.24,,,
10/25/2011 16:00:00,109.8,,,
10/26/2011 16:00:00,109.5,,,
10/27/2011 16:00:00,109.35,,,
10/28/2011 16:00:00,109.51,,,
10/31/2011 16:00:00,110.03,,,
11/1/2011 16:00:00,110.27,,,
11/2/2011 16:00:00,110.27,,,
11/3/2011 16:00:00,110.03,,,
11/4/2011 16:00:00,110,,,
11/7/2011 16:00:00,110.09,,,
11/8/2011 16:00:00,109.94,,,
11/9/2011 16:00:00,110.13,,,
11/10/2011 16:00:00,109.92,,,
11/11/2011 16:00:00,109.79,,,
11/14/2011 16:00:00,109.88,,,
11/15/2011 16:00:00,109.74,,,
11/16/2011 16:00:00,109.7,,,
11/17/2011 16:00:00,109.64,,,
11/18/2011 16:00:00,109.62,,,
11/21/2011 16:00:00,109.6,,,
11/22/2011 16:00:00,109.68,,,
11/23/2011 16:00:00,109.78,,,
11/25/2011 16:00:00,109.63,,,
11/28/2011 16:00:00,109.62,,,
11/29/2011 16:00:00,109.66,,,
11/30/2011 16:00:00,109.38,,,
12/1/2011 16:00:00,108.84,,,
12/2/2011 16:00:00,109.12,,,
12/5/2011 16:00:00,109.24,,,
12/6/2011 16:00:00,109.14,,,
12/7/2011 16:00:00,109.34,,,
12/8/2011 16:00:00,109.45,,,
12/9/2011 16:00:00,109.39,,,
12/12/2011 16:00:00,109.42,,,
12/13/2011 16:00:00,109.64,,,
12/14/2011 16:00:00,109.91,,,
12/15/2011 16:00:00,109.68,,,
12/16/2011 16:00:00,110.05,,,
12/19/2011 16:00:00,110.16,,,
12/20/2011 16:00:00,110.01,,,
12/21/2011 16:00:00,109.73,,,
12/22/2011 16:00:00,109.9,,,
12/23/2011 16:00:00,109.77,,,
12/27/2011 16:00:00,109.94,,,
12/28/2011 16:00:00,110.13,,,
12/29/2011 16:00:00,110.39,,,
12/30/2011 16:00:00,110.25,,,
1/3/2012 16:00:00,110.03,,,
1/4/2012 16:00:00,109.88,,,
1/5/2012 16:00:00,110.03,,,
1/6/2012 16:00:00,110.12,,,
1/9/2012 16:00:00,110.03,,,
1/10/2012 16:00:00,110,,,
1/11/2012 16:00:00,110.39,,,
1/12/2012 16:00:00,110.3,,,
1/13/2012 16:00:00,110.55,,,
1/17/2012 16:00:00,110.58,,,
1/18/2012 16:00:00,110.44,,,
1/19/2012 16:00:00,110.26,,,
1/20/2012 16:00:00,109.98,,,
1/23/2012 16:00:00,109.89,,,
1/24/2012 16:00:00,109.98,,,
1/25/2012 16:00:00,110.14,,,
1/26/2012 16:00:00,110.36,,,
1/27/2012 16:00:00,110.54,,,
1/30/2012 16:00:00,110.86,,,
1/31/2012 16:00:00,111.05,,,
2/1/2012 16:00:00,110.58,,,
2/2/2012 16:00:00,110.61,,,
2/3/2012 16:00:00,110.56,,,
2/6/2012 16:00:00,110.64,,,
2/7/2012 16:00:00,110.53,,,
2/8/2012 16:00:00,110.44,,,
2/9/2012 16:00:00,110.26,,,
2/10/2012 16:00:00,110.41,,,
2/13/2012 16:00:00,110.45,,,
2/14/2012 16:00:00,110.54,,,
2/15/2012 16:00:00,110.5,,,
2/16/2012 16:00:00,110.48,,,
2/17/2012 16:00:00,110.34,,,
2/21/2012 16:00:00,110.17,,,
2/22/2012 16:00:00,110.48,,,
2/23/2012 16:00:00,110.57,,,
2/24/2012 16:00:00,110.6,,,
2/27/2012 16:00:00,110.95,,,
2/28/2012 16:00:00,110.87,,,
2/29/2012 16:00:00,110.76,,,
3/1/2012 16:00:00,110.26,,,
3/2/2012 16:00:00,110.5,,,
3/5/2012 16:00:00,110.34,,,
3/6/2012 16:00:00,110.56,,,
3/7/2012 16:00:00,110.46,,,
3/8/2012 16:00:00,110.21,,,
3/9/2012 16:00:00,110.19,,,
3/12/2012 16:00:00,110.29,,,
3/13/2012 16:00:00,109.92,,,
3/14/2012 16:00:00,109.32,,,
3/15/2012 16:00:00,109.27,,,
3/16/2012 16:00:00,109.28,,,
3/19/2012 16:00:00,108.93,,,
3/20/2012 16:00:00,109.09,,,
3/21/2012 16:00:00,109.35,,,
3/22/2012 16:00:00,109.45,,,
3/23/2012 16:00:00,109.7,,,
3/26/2012 16:00:00,109.62,,,
3/27/2012 16:00:00,109.74,,,
3/28/2012 16:00:00,109.72,,,
3/29/2012 16:00:00,110.02,,,
3/30/2012 16:00:00,109.85,,,
4/2/2012 16:00:00,109.62,,,
4/3/2012 16:00:00,109.15,,,
4/4/2012 16:00:00,109.38,,,
4/5/2012 16:00:00,109.63,,,
4/9/2012 16:00:00,110.11,,,
4/10/2012 16:00:00,110.12,,,
4/11/2012 16:00:00,110.13,,,
4/12/2012 16:00:00,110.02,,,
4/13/2012 16:00:00,110.36,,,
4/16/2012 16:00:00,110.38,,,
4/17/2012 16:00:00,110.4,,,
4/18/2012 16:00:00,110.54,,,
4/19/2012 16:00:00,110.46,,,
4/20/2012 16:00:00,110.48,,,
4/23/2012 16:00:00,110.59,,,
4/24/2012 16:00:00,110.43,,,
4/25/2012 16:00:00,110.48,,,
4/26/2012 16:00:00,110.65,,,
4/27/2012 16:00:00,110.64,,,
4/30/2012 16:00:00,110.6,,,
5/1/2012 16:00:00,110.33,,,
5/2/2012 16:00:00,110.44,,,
5/3/2012 16:00:00,110.56,,,
5/4/2012 16:00:00,110.67,,,
5/7/2012 16:00:00,110.71,,,
5/8/2012 16:00:00,110.79,,,
5/9/2012 16:00:00,110.82,,,
5/10/2012 16:00:00,110.71,,,
5/11/2012 16:00:00,110.79,,,
5/14/2012 16:00:00,111.04,,,
5/15/2012 16:00:00,110.98,,,
5/16/2012 16:00:00,110.96,,,
5/17/2012 16:00:00,111.03,,,
5/18/2012 16:00:00,111,,,
5/21/2012 16:00:00,110.98,,,
5/22/2012 16:00:00,110.71,,,
5/23/2012 16:00:00,110.84,,,
5/24/2012 16:00:00,110.75,,,
5/25/2012 16:00:00,110.92,,,
5/29/2012 16:00:00,110.86,,,
5/30/2012 16:00:00,111.23,,,
5/31/2012 16:00:00,111.56,,,
6/1/2012 16:00:00,111.6,,,
6/4/2012 16:00:00,111.34,,,
6/5/2012 16:00:00,111.11,,,
6/6/2012 16:00:00,110.78,,,
6/7/2012 16:00:00,110.95,,,
6/8/2012 16:00:00,110.9,,,
6/11/2012 16:00:00,111,,,
6/12/2012 16:00:00,110.91,,,
6/13/2012 16:00:00,111.2,,,
6/14/2012 16:00:00,111.12,,,
6/15/2012 16:00:00,111.38,,,
6/18/2012 16:00:00,111.35,,,
6/19/2012 16:00:00,111.22,,,
6/20/2012 16:00:00,111.05,,,
6/21/2012 16:00:00,111.2,,,
6/22/2012 16:00:00,111.04,,,
6/25/2012 16:00:00,111.39,,,
6/26/2012 16:00:00,111.27,,,
6/27/2012 16:00:00,111.32,,,
6/28/2012 16:00:00,111.45,,,
6/29/2012 16:00:00,111.3,,,
7/2/2012 16:00:00,111.29,,,
7/3/2012 16:00:00,111.21,,,
7/5/2012 16:00:00,111.5,,,
7/6/2012 16:00:00,111.58,,,
7/9/2012 16:00:00,111.8,,,
7/10/2012 16:00:00,111.85,,,
7/11/2012 16:00:00,111.84,,,
7/12/2012 16:00:00,112.04,,,
7/13/2012 16:00:00,112.08,,,
7/16/2012 16:00:00,112.17,,,
7/17/2012 16:00:00,112.13,,,
7/18/2012 16:00:00,112.35,,,
7/19/2012 16:00:00,112.26,,,
7/20/2012 16:00:00,112.42,,,
7/23/2012 16:00:00,112.52,,,
7/24/2012 16:00:00,112.66,,,
7/25/2012 16:00:00,112.7,,,
7/26/2012 16:00:00,112.63,,,
7/27/2012 16:00:00,112.29,,,
7/30/2012 16:00:00,112.48,,,
7/31/2012 16:00:00,112.59,,,
8/1/2012 16:00:00,112.24,,,
8/2/2012 16:00:00,112.26,,,
8/3/2012 16:00:00,111.99,,,
8/6/2012 16:00:00,112.16,,,
8/7/2012 16:00:00,111.86,,,
8/8/2012 16:00:00,111.72,,,
8/9/2012 16:00:00,111.69,,,
8/10/2012 16:00:00,111.87,,,
8/13/2012 16:00:00,111.86,,,
8/14/2012 16:00:00,111.6,,,
8/15/2012 16:00:00,111.24,,,
8/16/2012 16:00:00,111.1,,,
8/17/2012 16:00:00,111.23,,,
8/20/2012 16:00:00,111.19,,,
8/21/2012 16:00:00,111.34,,,
8/22/2012 16:00:00,111.82,,,
8/23/2012 16:00:00,111.9,,,
8/24/2012 16:00:00,111.82,,,
8/27/2012 16:00:00,111.97,,,
8/28/2012 16:00:00,112.06,,,
8/29/2012 16:00:00,111.95,,,
8/30/2012 16:00:00,112.02,,,
8/31/2012 16:00:00,112.37,,,
9/4/2012 16:00:00,112.13,,,
9/5/2012 16:00:00,112.13,,,
9/6/2012 16:00:00,111.87,,,
9/7/2012 16:00:00,111.89,,,
9/10/2012 16:00:00,111.91,,,
9/11/2012 16:00:00,111.78,,,
9/12/2012 16:00:00,111.57,,,
9/13/2012 16:00:00,111.83,,,
9/14/2012 16:00:00,111.37,,,
9/17/2012 16:00:00,111.55,,,
9/18/2012 16:00:00,111.62,,,
9/19/2012 16:00:00,111.84,,,
9/20/2012 16:00:00,111.77,,,
9/21/2012 16:00:00,111.95,,,
9/24/2012 16:00:00,112.07,,,
9/25/2012 16:00:00,112.25,,,
9/26/2012 16:00:00,112.36,,,
9/27/2012 16:00:00,112.29,,,
9/28/2012 16:00:00,112.45,,,
10/1/2012 16:00:00,112.2,,,
10/2/2012 16:00:00,112.29,,,
10/3/2012 16:00:00,112.25,,,
10/4/2012 16:00:00,112.09,,,
10/5/2012 16:00:00,111.86,,,
10/8/2012 16:00:00,112.03,,,
10/9/2012 16:00:00,111.91,,,
10/10/2012 16:00:00,112.09,,,
10/11/2012 16:00:00,112.23,,,
10/12/2012 16:00:00,112.32,,,
10/15/2012 16:00:00,112.38,,,
10/16/2012 16:00:00,112.2,,,
10/17/2012 16:00:00,111.85,,,
10/18/2012 16:00:00,111.81,,,
10/19/2012 16:00:00,111.95,,,
10/22/2012 16:00:00,111.8,,,
10/23/2012 16:00:00,112.05,,,
10/24/2012 16:00:00,111.97,,,
10/25/2012 16:00:00,111.73,,,
10/26/2012 16:00:00,112.03,,,
10/31/2012 16:00:00,112.19,,,
11/1/2012 16:00:00,111.8,,,
11/2/2012 16:00:00,111.87,,,
11/5/2012 16:00:00,112.06,,,
11/6/2012 16:00:00,111.74,,,
11/7/2012 16:00:00,112,,,
11/8/2012 16:00:00,112.14,,,
11/9/2012 16:00:00,112.08,,,
11/12/2012 16:00:00,112.05,,,
11/13/2012 16:00:00,112.25,,,
11/14/2012 16:00:00,112.28,,,
11/15/2012 16:00:00,112.17,,,
11/16/2012 16:00:00,112.21,,,
11/19/2012 16:00:00,112.29,,,
11/20/2012 16:00:00,112.08,,,
11/21/2012 16:00:00,111.89,,,
11/23/2012 16:00:00,111.96,,,
11/26/2012 16:00:00,112,,,
11/27/2012 16:00:00,112.15,,,
11/28/2012 16:00:00,112.17,,,
11/29/2012 16:00:00,112.31,,,
11/30/2012 16:00:00,112.25,,,
12/3/2012 16:00:00,111.6,,,
12/4/2012 16:00:00,111.67,,,
12/5/2012 16:00:00,111.77,,,
12/6/2012 16:00:00,111.76,,,
12/7/2012 16:00:00,111.66,,,
12/10/2012 16:00:00,111.68,,,
12/11/2012 16:00:00,111.64,,,
12/12/2012 16:00:00,111.33,,,
12/13/2012 16:00:00,111.15,,,
12/14/2012 16:00:00,111.35,,,
12/17/2012 16:00:00,111.08,,,
12/18/2012 16:00:00,110.82,,,
12/19/2012 16:00:00,111.01,,,
12/20/2012 16:00:00,111.02,,,
12/21/2012 16:00:00,111.12,,,
12/24/2012 16:00:00,111.13,,,
12/26/2012 16:00:00,111.05,,,
12/27/2012 16:00:00,111.11,,,
12/28/2012 16:00:00,111.28,,,
12/31/2012 16:00:00,111.08,,,
1/2/2013 16:00:00,110.95,,,
1/3/2013 16:00:00,110.67,,,
1/4/2013 16:00:00,110.79,,,
1/7/2013 16:00:00,110.73,,,
1/8/2013 16:00:00,110.83,,,
1/9/2013 16:00:00,110.75,,,
1/10/2013 16:00:00,110.74,,,
1/11/2013 16:00:00,110.85,,,
1/14/2013 16:00:00,110.95,,,
1/15/2013 16:00:00,110.98,,,
1/16/2013 16:00:00,111.04,,,
1/17/2013 16:00:00,110.8,,,
1/18/2013 16:00:00,110.93,,,
1/22/2013 16:00:00,110.87,,,
1/23/2013 16:00:00,110.99,,,
1/24/2013 16:00:00,110.84,,,
1/25/2013 16:00:00,110.57,,,
1/28/2013 16:00:00,110.41,,,
1/29/2013 16:00:00,110.34,,,
1/30/2013 16:00:00,110.29,,,
1/31/2013 16:00:00,110.39,,,
2/1/2013 16:00:00,109.94,,,
2/4/2013 16:00:00,110.25,,,
2/5/2013 16:00:00,110.02,,,
2/6/2013 16:00:00,110.21,,,
2/7/2013 16:00:00,110.25,,,
2/8/2013 16:00:00,110.28,,,
2/11/2013 16:00:00,110.17,,,
2/12/2013 16:00:00,110.15,,,
2/13/2013 16:00:00,110.04,,,
2/14/2013 16:00:00,110.24,,,
2/15/2013 16:00:00,110.25,,,
2/19/2013 16:00:00,110.12,,,
2/20/2013 16:00:00,110.19,,,
2/21/2013 16:00:00,110.25,,,
2/22/2013 16:00:00,110.31,,,
2/25/2013 16:00:00,110.73,,,
2/26/2013 16:00:00,110.7,,,
2/27/2013 16:00:00,110.73,,,
2/28/2013 16:00:00,110.83,,,
3/1/2013 16:00:00,110.66,,,
3/4/2013 16:00:00,110.58,,,
3/5/2013 16:00:00,110.49,,,
3/6/2013 16:00:00,110.37,,,
3/7/2013 16:00:00,110.14,,,
3/8/2013 16:00:00,109.82,,,
3/11/2013 16:00:00,109.88,,,
3/12/2013 16:00:00,110.08,,,
3/13/2013 16:00:00,109.99,,,
3/14/2013 16:00:00,110.11,,,
3/15/2013 16:00:00,110.21,,,
3/18/2013 16:00:00,110.31,,,
3/19/2013 16:00:00,110.47,,,
3/20/2013 16:00:00,110.35,,,
3/21/2013 16:00:00,110.37,,,
3/22/2013 16:00:00,110.41,,,
3/25/2013 16:00:00,110.37,,,
3/26/2013 16:00:00,110.5,,,
3/27/2013 16:00:00,110.73,,,
3/28/2013 16:00:00,110.73,,,
4/1/2013 16:00:00,110.57,,,
4/2/2013 16:00:00,110.45,,,
4/3/2013 16:00:00,110.57,,,
4/4/2013 16:00:00,110.88,,,
4/5/2013 16:00:00,111.2,,,
4/8/2013 16:00:00,111.01,,,
4/9/2013 16:00:00,111.05,,,
4/10/2013 16:00:00,110.82,,,
4/11/2013 16:00:00,110.84,,,
4/12/2013 16:00:00,111.2,,,
4/15/2013 16:00:00,111.25,,,
4/16/2013 16:00:00,111.25,,,
4/17/2013 16:00:00,111.25,,,
4/18/2013 16:00:00,111.23,,,
4/19/2013 16:00:00,111.24,,,
4/22/2013 16:00:00,111.38,,,
4/23/2013 16:00:00,111.33,,,
4/24/2013 16:00:00,111.31,,,
4/25/2013 16:00:00,111.26,,,
4/26/2013 16:00:00,111.49,,,
4/29/2013 16:00:00,111.56,,,
4/30/2013 16:00:00,111.54,,,
5/1/2013 16:00:00,111.39,,,
5/2/2013 16:00:00,111.4,,,
5/3/2013 16:00:00,110.99,,,
5/6/2013 16:00:00,110.81,,,
5/7/2013 16:00:00,110.75,,,
5/8/2013 16:00:00,110.85,,,
5/9/2013 16:00:00,110.7,,,
5/10/2013 16:00:00,110.48,,,
5/13/2013 16:00:00,110.38,,,
5/14/2013 16:00:00,110.12,,,
5/15/2013 16:00:00,110.28,,,
5/16/2013 16:00:00,110.58,,,
5/17/2013 16:00:00,110.31,,,
5/20/2013 16:00:00,110.2,,,
5/21/2013 16:00:00,110.29,,,
5/22/2013 16:00:00,109.92,,,
5/23/2013 16:00:00,109.88,,,
5/24/2013 16:00:00,109.88,,,
5/28/2013 16:00:00,109.2,,,
5/29/2013 16:00:00,109.35,,,
5/30/2013 16:00:00,109.32,,,
5/31/2013 16:00:00,109.11,,,
6/3/2013 16:00:00,108.97,,,
6/4/2013 16:00:00,108.73,,,
6/5/2013 16:00:00,108.67,,,
6/6/2013 16:00:00,108.95,,,
6/7/2013 16:00:00,108.61,,,
6/10/2013 16:00:00,108.39,,,
6/11/2013 16:00:00,108.4,,,
6/12/2013 16:00:00,108.22,,,
6/13/2013 16:00:00,108.75,,,
6/14/2013 16:00:00,108.78,,,
6/17/2013 16:00:00,108.7,,,
6/18/2013 16:00:00,108.66,,,
6/19/2013 16:00:00,107.93,,,
6/20/2013 16:00:00,107.21,,,
6/21/2013 16:00:00,106.61,,,
6/24/2013 16:00:00,106.18,,,
6/25/2013 16:00:00,106.3,,,
6/26/2013 16:00:00,106.75,,,
6/27/2013 16:00:00,107.2,,,
6/28/2013 16:00:00,107.21,,,
7/1/2013 16:00:00,107.16,,,
7/2/2013 16:00:00,107.16,,,
7/3/2013 16:00:00,107.01,,,
7/5/2013 16:00:00,105.84,,,
7/8/2013 16:00:00,106.39,,,
7/9/2013 16:00:00,106.5,,,
7/10/2013 16:00:00,106.22,,,
7/11/2013 16:00:00,106.93,,,
7/12/2013 16:00:00,106.81,,,
7/15/2013 16:00:00,107.04,,,
7/16/2013 16:00:00,107.21,,,
7/17/2013 16:00:00,107.44,,,
7/18/2013 16:00:00,107.24,,,
7/19/2013 16:00:00,107.52,,,
7/22/2013 16:00:00,107.66,,,
7/23/2013 16:00:00,107.6,,,
7/24/2013 16:00:00,107.25,,,
7/25/2013 16:00:00,107.29,,,
7/26/2013 16:00:00,107.26,,,
7/29/2013 16:00:00,107.26,,,
7/30/2013 16:00:00,107.22,,,
7/31/2013 16:00:00,107.3,,,
8/1/2013 16:00:00,106.49,,,
8/2/2013 16:00:00,106.85,,,
8/5/2013 16:00:00,106.9,,,
8/6/2013 16:00:00,106.79,,,
8/7/2013 16:00:00,106.93,,,
8/8/2013 16:00:00,107.08,,,
8/9/2013 16:00:00,107.15,,,
8/12/2013 16:00:00,107.08,,,
8/13/2013 16:00:00,106.65,,,
8/14/2013 16:00:00,106.51,,,
8/15/2013 16:00:00,106.13,,,
8/16/2013 16:00:00,105.83,,,
8/19/2013 16:00:00,105.5,,,
8/20/2013 16:00:00,105.81,,,
8/21/2013 16:00:00,105.42,,,
8/22/2013 16:00:00,105.55,,,
8/23/2013 16:00:00,105.9,,,
8/26/2013 16:00:00,106.09,,,
8/27/2013 16:00:00,106.37,,,
8/28/2013 16:00:00,106.17,,,
8/29/2013 16:00:00,106.38,,,
8/30/2013 16:00:00,106.21,,,
9/3/2013 16:00:00,105.75,,,
9/4/2013 16:00:00,105.6,,,
9/5/2013 16:00:00,104.89,,,
9/6/2013 16:00:00,105.28,,,
9/9/2013 16:00:00,105.49,,,
9/10/2013 16:00:00,105.3,,,
9/11/2013 16:00:00,105.66,,,
9/12/2013 16:00:00,105.54,,,
9/13/2013 16:00:00,105.69,,,
9/16/2013 16:00:00,105.91,,,
9/17/2013 16:00:00,106.01,,,
9/18/2013 16:00:00,106.9,,,
9/19/2013 16:00:00,106.77,,,
9/20/2013 16:00:00,106.77,,,
9/23/2013 16:00:00,106.85,,,
9/24/2013 16:00:00,107.1,,,
9/25/2013 16:00:00,107.25,,,
9/26/2013 16:00:00,107.23,,,
9/27/2013 16:00:00,107.29,,,
9/30/2013 16:00:00,107.2,,,
10/1/2013 16:00:00,106.93,,,
10/2/2013 16:00:00,107.07,,,
10/3/2013 16:00:00,107.15,,,
10/4/2013 16:00:00,107.06,,,
10/7/2013 16:00:00,107.04,,,
10/8/2013 16:00:00,106.99,,,
10/9/2013 16:00:00,106.91,,,
10/10/2013 16:00:00,107.03,,,
10/11/2013 16:00:00,107.07,,,
10/14/2013 16:00:00,106.87,,,
10/15/2013 16:00:00,106.82,,,
10/16/2013 16:00:00,107.28,,,
10/17/2013 16:00:00,107.58,,,
10/18/2013 16:00:00,107.76,,,
10/21/2013 16:00:00,107.66,,,
10/22/2013 16:00:00,108.04,,,
10/23/2013 16:00:00,108.01,,,
10/24/2013 16:00:00,107.97,,,
10/25/2013 16:00:00,108.01,,,
10/28/2013 16:00:00,107.96,,,
10/29/2013 16:00:00,108.09,,,
10/30/2013 16:00:00,107.89,,,
10/31/2013 16:00:00,107.9,,,
11/1/2013 16:00:00,107.45,,,
11/4/2013 16:00:00,107.56,,,
11/5/2013 16:00:00,107.24,,,
11/6/2013 16:00:00,107.41,,,
11/7/2013 16:00:00,107.49,,,
11/8/2013 16:00:00,106.82,,,
11/11/2013 16:00:00,106.76,,,
11/12/2013 16:00:00,106.72,,,
11/13/2013 16:00:00,107,,,
11/14/2013 16:00:00,107.33,,,
11/15/2013 16:00:00,107.36,,,
11/18/2013 16:00:00,107.57,,,
11/19/2013 16:00:00,107.28,,,
11/20/2013 16:00:00,106.98,,,
11/21/2013 16:00:00,107.09,,,
11/22/2013 16:00:00,107.24,,,
11/25/2013 16:00:00,107.32,,,
11/26/2013 16:00:00,107.35,,,
11/27/2013 16:00:00,107.4,,,
11/29/2013 16:00:00,107.44,,,
12/2/2013 16:00:00,106.83,,,
12/3/2013 16:00:00,106.96,,,
12/4/2013 16:00:00,106.68,,,
12/5/2013 16:00:00,106.45,,,
12/6/2013 16:00:00,106.63,,,
12/9/2013 16:00:00,106.76,,,
12/10/2013 16:00:00,106.93,,,
12/11/2013 16:00:00,106.76,,,
12/12/2013 16:00:00,106.6,,,
12/13/2013 16:00:00,106.65,,,
12/16/2013 16:00:00,106.73,,,
12/17/2013 16:00:00,106.91,,,
12/18/2013 16:00:00,106.86,,,
12/19/2013 16:00:00,106.68,,,
12/20/2013 16:00:00,106.86,,,
12/23/2013 16:00:00,106.81,,,
12/24/2013 16:00:00,106.66,,,
12/26/2013 16:00:00,106.39,,,
12/27/2013 16:00:00,106.43,,,
12/30/2013 16:00:00,106.53,,,
12/31/2013 16:00:00,106.43,,,
1/2/2014 16:00:00,106.5,,,
1/3/2014 16:00:00,106.54,,,
1/6/2014 16:00:00,106.68,,,
1/7/2014 16:00:00,106.73,,,
1/8/2014 16:00:00,106.41,,,
1/9/2014 16:00:00,106.56,,,
1/10/2014 16:00:00,107.1,,,
1/13/2014 16:00:00,107.2,,,
1/14/2014 16:00:00,107.04,,,
1/15/2014 16:00:00,106.95,,,
1/16/2014 16:00:00,107.2,,,
1/17/2014 16:00:00,107.25,,,
1/21/2014 16:00:00,107.3,,,
1/22/2014 16:00:00,107.07,,,
1/23/2014 16:00:00,107.35,,,
1/24/2014 16:00:00,107.58,,,
1/27/2014 16:00:00,107.35,,,
1/28/2014 16:00:00,107.53,,,
1/29/2014 16:00:00,107.85,,,
1/30/2014 16:00:00,107.87,,,
1/31/2014 16:00:00,108.07,,,
2/3/2014 16:00:00,108.23,,,
2/4/2014 16:00:00,107.97,,,
2/5/2014 16:00:00,107.7,,,
2/6/2014 16:00:00,107.65,,,
2/7/2014 16:00:00,107.82,,,
2/10/2014 16:00:00,107.93,,,
2/11/2014 16:00:00,107.72,,,
2/12/2014 16:00:00,107.54,,,
2/13/2014 16:00:00,107.77,,,
2/14/2014 16:00:00,107.77,,,
2/18/2014 16:00:00,107.84,,,
2/19/2014 16:00:00,107.76,,,
2/20/2014 16:00:00,107.7,,,
2/21/2014 16:00:00,107.8,,,
2/24/2014 16:00:00,107.7,,,
2/25/2014 16:00:00,107.99,,,
2/26/2014 16:00:00,108.22,,,
2/27/2014 16:00:00,108.33,,,
2/28/2014 16:00:00,108.27,,,
3/3/2014 16:00:00,108.35,,,
3/4/2014 16:00:00,107.95,,,
3/5/2014 16:00:00,108.01,,,
3/6/2014 16:00:00,107.77,,,
3/7/2014 16:00:00,107.47,,,
3/10/2014 16:00:00,107.47,,,
3/11/2014 16:00:00,107.46,,,
3/12/2014 16:00:00,107.7,,,
3/13/2014 16:00:00,107.98,,,
3/14/2014 16:00:00,107.93,,,
3/17/2014 16:00:00,107.87,,,
3/18/2014 16:00:00,108,,,
3/19/2014 16:00:00,107.52,,,
3/20/2014 16:00:00,107.44,,,
3/21/2014 16:00:00,107.59,,,
3/24/2014 16:00:00,107.75,,,
3/25/2014 16:00:00,107.64,,,
3/26/2014 16:00:00,107.98,,,
3/27/2014 16:00:00,108.06,,,
3/28/2014 16:00:00,107.9,,,
3/31/2014 16:00:00,107.91,,,
4/1/2014 16:00:00,107.54,,,
4/2/2014 16:00:00,107.36,,,
4/3/2014 16:00:00,107.44,,,
4/4/2014 16:00:00,107.78,,,
4/7/2014 16:00:00,107.94,,,
4/8/2014 16:00:00,108.07,,,
4/9/2014 16:00:00,108.08,,,
4/10/2014 16:00:00,108.33,,,
4/11/2014 16:00:00,108.43,,,
4/14/2014 16:00:00,108.47,,,
4/15/2014 16:00:00,108.48,,,
4/16/2014 16:00:00,108.54,,,
4/17/2014 16:00:00,108.19,,,
4/21/2014 16:00:00,108.18,,,
4/22/2014 16:00:00,108.16,,,
4/23/2014 16:00:00,108.27,,,
4/24/2014 16:00:00,108.37,,,
4/25/2014 16:00:00,108.39,,,
4/28/2014 16:00:00,108.32,,,
4/29/2014 16:00:00,108.37,,,
4/30/2014 16:00:00,108.59,,,
5/1/2014 16:00:00,108.55,,,
5/2/2014 16:00:00,108.68,,,
5/5/2014 16:00:00,108.64,,,
5/6/2014 16:00:00,108.72,,,
5/7/2014 16:00:00,108.72,,,
5/8/2014 16:00:00,108.79,,,
5/9/2014 16:00:00,108.69,,,
5/12/2014 16:00:00,108.6,,,
5/13/2014 16:00:00,108.78,,,
5/14/2014 16:00:00,109.09,,,
5/15/2014 16:00:00,109.32,,,
5/16/2014 16:00:00,109.2,,,
5/19/2014 16:00:00,109.16,,,
5/20/2014 16:00:00,109.21,,,
5/21/2014 16:00:00,109.17,,,
5/22/2014 16:00:00,109.12,,,
5/23/2014 16:00:00,109.23,,,
5/27/2014 16:00:00,109.33,,,
5/28/2014 16:00:00,109.63,,,
5/29/2014 16:00:00,109.57,,,
5/30/2014 16:00:00,109.67,,,
6/2/2014 16:00:00,109.13,,,
6/3/2014 16:00:00,108.84,,,
6/4/2014 16:00:00,108.8,,,
6/5/2014 16:00:00,108.94,,,
6/6/2014 16:00:00,108.88,,,
6/9/2014 16:00:00,108.78,,,
6/10/2014 16:00:00,108.62,,,
6/11/2014 16:00:00,108.7,,,
6/12/2014 16:00:00,108.91,,,
6/13/2014 16:00:00,108.88,,,
6/16/2014 16:00:00,108.82,,,
6/17/2014 16:00:00,108.62,,,
6/18/2014 16:00:00,108.91,,,
6/19/2014 16:00:00,108.75,,,
6/20/2014 16:00:00,108.94,,,
6/23/2014 16:00:00,108.84,,,
6/24/2014 16:00:00,109.03,,,
6/25/2014 16:00:00,109.18,,,
6/26/2014 16:00:00,109.39,,,
6/27/2014 16:00:00,109.39,,,
6/30/2014 16:00:00,109.4,,,
7/1/2014 16:00:00,109.07,,,
7/2/2014 16:00:00,108.69,,,
7/3/2014 16:00:00,108.62,,,
7/7/2014 16:00:00,108.65,,,
7/8/2014 16:00:00,108.87,,,
7/9/2014 16:00:00,108.96,,,
7/10/2014 16:00:00,109.01,,,
7/11/2014 16:00:00,109.16,,,
7/14/2014 16:00:00,109.07,,,
7/15/2014 16:00:00,108.93,,,
7/16/2014 16:00:00,109.02,,,
7/17/2014 16:00:00,109.34,,,
7/18/2014 16:00:00,109.22,,,
7/21/2014 16:00:00,109.26,,,
7/22/2014 16:00:00,109.44,,,
7/23/2014 16:00:00,109.46,,,
7/24/2014 16:00:00,109.12,,,
7/25/2014 16:00:00,109.33,,,
7/28/2014 16:00:00,109.35,,,
7/29/2014 16:00:00,109.46,,,
7/30/2014 16:00:00,109.07,,,
7/31/2014 16:00:00,108.93,,,
8/1/2014 16:00:00,109.14,,,
8/4/2014 16:00:00,109.12,,,
8/5/2014 16:00:00,109.12,,,
8/6/2014 16:00:00,109.13,,,
8/7/2014 16:00:00,109.34,,,
8/8/2014 16:00:00,109.38,,,
8/11/2014 16:00:00,109.39,,,
8/12/2014 16:00:00,109.34,,,
8/13/2014 16:00:00,109.56,,,
8/14/2014 16:00:00,109.62,,,
8/15/2014 16:00:00,109.89,,,
8/18/2014 16:00:00,109.66,,,
8/19/2014 16:00:00,109.51,,,
8/20/2014 16:00:00,109.39,,,
8/21/2014 16:00:00,109.58,,,
8/22/2014 16:00:00,109.56,,,
8/25/2014 16:00:00,109.65,,,
8/26/2014 16:00:00,109.66,,,
8/27/2014 16:00:00,109.8,,,
8/28/2014 16:00:00,110.02,,,
8/29/2014 16:00:00,109.98,,,
9/2/2014 16:00:00,109.45,,,
9/3/2014 16:00:00,109.57,,,
9/4/2014 16:00:00,109.43,,,
9/5/2014 16:00:00,109.37,,,
9/8/2014 16:00:00,109.26,,,
9/9/2014 16:00:00,109.11,,,
9/10/2014 16:00:00,108.96,,,
9/11/2014 16:00:00,108.85,,,
9/12/2014 16:00:00,108.63,,,
9/15/2014 16:00:00,108.61,,,
9/16/2014 16:00:00,108.61,,,
9/17/2014 16:00:00,108.49,,,
9/18/2014 16:00:00,108.5,,,
9/19/2014 16:00:00,108.68,,,
9/22/2014 16:00:00,108.83,,,
9/23/2014 16:00:00,108.93,,,
9/24/2014 16:00:00,108.86,,,
9/25/2014 16:00:00,109.07,,,
9/26/2014 16:00:00,109.06,,,
9/29/2014 16:00:00,109.18,,,
9/30/2014 16:00:00,109.11,,,
10/1/2014 16:00:00,109.53,,,
10/2/2014 16:00:00,109.35,,,
10/3/2014 16:00:00,109.3,,,
10/6/2014 16:00:00,109.4,,,
10/7/2014 16:00:00,109.82,,,
10/8/2014 16:00:00,110.13,,,
10/9/2014 16:00:00,109.91,,,
10/10/2014 16:00:00,109.99,,,
10/13/2014 16:00:00,110.31,,,
10/14/2014 16:00:00,110.56,,,
10/15/2014 16:00:00,110.76,,,
10/16/2014 16:00:00,110.67,,,
10/17/2014 16:00:00,110.52,,,
10/20/2014 16:00:00,110.65,,,
10/21/2014 16:00:00,110.55,,,
10/22/2014 16:00:00,110.49,,,
10/23/2014 16:00:00,110.23,,,
10/24/2014 16:00:00,110.27,,,
10/27/2014 16:00:00,110.31,,,
10/28/2014 16:00:00,110.14,,,
10/29/2014 16:00:00,109.9,,,
10/30/2014 16:00:00,110.08,,,
10/31/2014 16:00:00,110.08,,,
11/3/2014 16:00:00,109.68,,,
11/4/2014 16:00:00,109.69,,,
11/5/2014 16:00:00,109.73,,,
11/6/2014 16:00:00,109.54,,,
11/7/2014 16:00:00,109.91,,,
11/10/2014 16:00:00,109.65,,,
11/11/2014 16:00:00,109.7,,,
11/12/2014 16:00:00,109.71,,,
11/13/2014 16:00:00,109.76,,,
11/14/2014 16:00:00,109.86,,,
11/17/2014 16:00:00,109.73,,,
11/18/2014 16:00:00,109.83,,,
11/19/2014 16:00:00,109.57,,,
11/20/2014 16:00:00,109.77,,,
11/21/2014 16:00:00,109.9,,,
11/24/2014 16:00:00,109.94,,,
11/25/2014 16:00:00,110.18,,,
11/26/2014 16:00:00,110.27,,,
11/28/2014 16:00:00,110.61,,,
12/1/2014 16:00:00,110.08,,,
12/2/2014 16:00:00,109.86,,,
12/3/2014 16:00:00,109.76,,,
12/4/2014 16:00:00,110.09,,,
12/5/2014 16:00:00,109.62,,,
12/8/2014 16:00:00,109.89,,,
12/9/2014 16:00:00,110.06,,,
12/10/2014 16:00:00,110.25,,,
12/11/2014 16:00:00,110.21,,,
12/12/2014 16:00:00,110.56,,,
12/15/2014 16:00:00,110.26,,,
12/16/2014 16:00:00,110.53,,,
12/17/2014 16:00:00,110.39,,,
12/18/2014 16:00:00,110.1,,,
12/19/2014 16:00:00,110.28,,,
12/22/2014 16:00:00,110.45,,,
12/23/2014 16:00:00,109.94,,,
12/24/2014 16:00:00,109.69,,,
12/26/2014 16:00:00,109.74,,,
12/29/2014 16:00:00,109.97,,,
12/30/2014 16:00:00,110.09,,,
12/31/2014 16:00:00,110.12,,,
1/2/2015 16:00:00,110.43,,,
1/5/2015 16:00:00,110.67,,,
1/6/2015 16:00:00,110.95,,,
1/7/2015 16:00:00,110.93,,,
1/8/2015 16:00:00,110.76,,,
1/9/2015 16:00:00,111.03,,,
1/12/2015 16:00:00,111.12,,,
1/13/2015 16:00:00,111.15,,,
1/14/2015 16:00:00,111.42,,,
1/15/2015 16:00:00,111.93,,,
1/16/2015 16:00:00,111.5,,,
1/20/2015 16:00:00,111.69,,,
1/21/2015 16:00:00,111.49,,,
1/22/2015 16:00:00,111.43,,,
1/23/2015 16:00:00,111.71,,,
1/26/2015 16:00:00,111.66,,,
1/27/2015 16:00:00,111.6,,,
1/28/2015 16:00:00,112.07,,,
1/29/2015 16:00:00,111.98,,,
1/30/2015 16:00:00,112.38,,,
2/2/2015 16:00:00,112.2,,,
2/3/2015 16:00:00,111.77,,,
2/4/2015 16:00:00,111.94,,,
2/5/2015 16:00:00,111.71,,,
2/6/2015 16:00:00,111.06,,,
2/9/2015 16:00:00,111.04,,,
2/10/2015 16:00:00,110.92,,,
2/11/2015 16:00:00,110.87,,,
2/12/2015 16:00:00,110.89,,,
2/13/2015 16:00:00,110.76,,,
2/17/2015 16:00:00,110.31,,,
2/18/2015 16:00:00,110.62,,,
2/19/2015 16:00:00,110.53,,,
2/20/2015 16:00:00,110.55,,,
2/23/2015 16:00:00,110.75,,,
2/24/2015 16:00:00,111.24,,,
2/25/2015 16:00:00,111.32,,,
2/26/2015 16:00:00,110.92,,,
2/27/2015 16:00:00,111.2,,,
3/2/2015 16:00:00,110.45,,,
3/3/2015 16:00:00,110.31,,,
3/4/2015 16:00:00,110.37,,,
3/5/2015 16:00:00,110.42,,,
3/6/2015 16:00:00,109.7,,,
3/9/2015 16:00:00,109.98,,,
3/10/2015 16:00:00,110.24,,,
3/11/2015 16:00:00,110.46,,,
3/12/2015 16:00:00,110.55,,,
3/13/2015 16:00:00,110.34,,,
3/16/2015 16:00:00,110.58,,,
3/17/2015 16:00:00,110.56,,,
3/18/2015 16:00:00,111.37,,,
3/19/2015 16:00:00,110.98,,,
3/20/2015 16:00:00,111.32,,,
3/23/2015 16:00:00,111.34,,,
3/24/2015 16:00:00,111.64,,,
3/25/2015 16:00:00,111.43,,,
3/26/2015 16:00:00,111.03,,,
3/27/2015 16:00:00,111.19,,,
3/30/2015 16:00:00,111.24,,,
3/31/2015 16:00:00,111.43,,,
4/1/2015 16:00:00,111.58,,,
4/2/2015 16:00:00,111.43,,,
4/6/2015 16:00:00,111.5,,,
4/7/2015 16:00:00,111.52,,,
4/8/2015 16:00:00,111.53,,,
4/9/2015 16:00:00,111.25,,,
4/10/2015 16:00:00,111.25,,,
4/13/2015 16:00:00,111.37,,,
4/14/2015 16:00:00,111.49,,,
4/15/2015 16:00:00,111.64,,,
4/16/2015 16:00:00,111.58,,,
4/17/2015 16:00:00,111.67,,,
4/20/2015 16:00:00,111.59,,,
4/21/2015 16:00:00,111.47,,,
4/22/2015 16:00:00,111.14,,,
4/23/2015 16:00:00,111.31,,,
4/24/2015 16:00:00,111.5,,,
4/27/2015 16:00:00,111.54,,,
4/28/2015 16:00:00,111.11,,,
4/29/2015 16:00:00,110.86,,,
4/30/2015 16:00:00,110.86,,,
5/1/2015 16:00:00,110.34,,,
5/4/2015 16:00:00,110.13,,,
5/5/2015 16:00:00,110.03,,,
5/6/2015 16:00:00,109.66,,,
5/7/2015 16:00:00,109.93,,,
5/8/2015 16:00:00,110.29,,,
5/11/2015 16:00:00,109.59,,,
5/12/2015 16:00:00,109.58,,,
5/13/2015 16:00:00,109.57,,,
5/14/2015 16:00:00,109.74,,,
5/15/2015 16:00:00,110.2,,,
5/18/2015 16:00:00,109.78,,,
5/19/2015 16:00:00,109.4,,,
5/20/2015 16:00:00,109.57,,,
5/21/2015 16:00:00,109.91,,,
5/22/2015 16:00:00,109.79,,,
5/26/2015 16:00:00,110.06,,,
5/27/2015 16:00:00,110.17,,,
5/28/2015 16:00:00,110.13,,,
5/29/2015 16:00:00,110.17,,,
6/1/2015 16:00:00,109.66,,,
6/2/2015 16:00:00,109.23,,,
6/3/2015 16:00:00,108.8,,,
6/4/2015 16:00:00,109.03,,,
6/5/2015 16:00:00,108.55,,,
6/8/2015 16:00:00,108.71,,,
6/9/2015 16:00:00,108.4,,,
6/10/2015 16:00:00,108.13,,,
6/11/2015 16:00:00,108.71,,,
6/12/2015 16:00:00,108.58,,,
6/15/2015 16:00:00,108.71,,,
6/16/2015 16:00:00,108.89,,,
6/17/2015 16:00:00,108.9,,,
6/18/2015 16:00:00,108.87,,,
6/19/2015 16:00:00,109.21,,,
6/22/2015 16:00:00,108.67,,,
6/23/2015 16:00:00,108.42,,,
6/24/2015 16:00:00,108.59,,,
6/25/2015 16:00:00,108.47,,,
6/26/2015 16:00:00,108.21,,,
6/29/2015 16:00:00,108.85,,,
6/30/2015 16:00:00,108.78,,,
7/1/2015 16:00:00,108.29,,,
7/2/2015 16:00:00,108.44,,,
7/6/2015 16:00:00,108.83,,,
7/7/2015 16:00:00,108.98,,,
7/8/2015 16:00:00,109.24,,,
7/9/2015 16:00:00,108.84,,,
7/10/2015 16:00:00,108.38,,,
7/13/2015 16:00:00,108.22,,,
7/14/2015 16:00:00,108.4,,,
7/15/2015 16:00:00,108.69,,,
7/16/2015 16:00:00,108.78,,,
7/17/2015 16:00:00,108.79,,,
7/20/2015 16:00:00,108.6,,,
7/21/2015 16:00:00,108.78,,,
7/22/2015 16:00:00,108.83,,,
7/23/2015 16:00:00,109.14,,,
7/24/2015 16:00:00,109.12,,,
7/27/2015 16:00:00,109.26,,,
7/28/2015 16:00:00,109.15,,,
7/29/2015 16:00:00,109.06,,,
7/30/2015 16:00:00,109.07,,,
7/31/2015 16:00:00,109.5,,,
8/3/2015 16:00:00,109.4,,,
8/4/2015 16:00:00,109.08,,,
8/5/2015 16:00:00,108.88,,,
8/6/2015 16:00:00,109.01,,,
8/7/2015 16:00:00,109.2,,,
8/10/2015 16:00:00,109.06,,,
8/11/2015 16:00:00,109.42,,,
8/12/2015 16:00:00,109.35,,,
8/13/2015 16:00:00,109.12,,,
8/14/2015 16:00:00,109.07,,,
8/17/2015 16:00:00,109.26,,,
8/18/2015 16:00:00,109.06,,,
8/19/2015 16:00:00,109.4,,,
8/20/2015 16:00:00,109.57,,,
8/21/2015 16:00:00,109.76,,,
8/24/2015 16:00:00,109.72,,,
8/25/2015 16:00:00,109.46,,,
8/26/2015 16:00:00,108.95,,,
8/27/2015 16:00:00,109.1,,,
8/28/2015 16:00:00,109,,,
8/31/2015 16:00:00,108.92,,,
9/1/2015 16:00:00,109.02,,,
9/2/2015 16:00:00,108.88,,,
9/3/2015 16:00:00,109.04,,,
9/4/2015 16:00:00,109.27,,,
9/8/2015 16:00:00,109.01,,,
9/9/2015 16:00:00,109.05,,,
9/10/2015 16:00:00,108.93,,,
9/11/2015 16:00:00,109.06,,,
9/14/2015 16:00:00,109.09,,,
9/15/2015 16:00:00,108.6,,,
9/16/2015 16:00:00,108.51,,,
9/17/2015 16:00:00,109.19,,,
9/18/2015 16:00:00,109.28,,,
9/21/2015 16:00:00,108.99,,,
9/22/2015 16:00:00,109.25,,,
9/23/2015 16:00:00,109.16,,,
9/24/2015 16:00:00,109.3,,,
9/25/2015 16:00:00,109.11,,,
9/28/2015 16:00:00,109.37,,,
9/29/2015 16:00:00,109.54,,,
9/30/2015 16:00:00,109.58,,,
10/1/2015 16:00:00,109.46,,,
10/2/2015 16:00:00,109.79,,,
10/5/2015 16:00:00,109.38,,,
10/6/2015 16:00:00,109.65,,,
10/7/2015 16:00:00,109.57,,,
10/8/2015 16:00:00,109.42,,,
10/9/2015 16:00:00,109.33,,,
10/12/2015 16:00:00,109.61,,,
10/13/2015 16:00:00,109.62,,,
10/14/2015 16:00:00,110.03,,,
10/15/2015 16:00:00,109.88,,,
10/16/2015 16:00:00,109.77,,,
10/19/2015 16:00:00,109.88,,,
10/20/2015 16:00:00,109.66,,,
10/21/2015 16:00:00,109.92,,,
10/22/2015 16:00:00,109.94,,,
10/23/2015 16:00:00,109.75,,,
10/26/2015 16:00:00,109.8,,,
10/27/2015 16:00:00,109.96,,,
10/28/2015 16:00:00,109.63,,,
10/29/2015 16:00:00,109.16,,,
10/30/2015 16:00:00,109.45,,,
11/2/2015 16:00:00,109.02,,,
11/3/2015 16:00:00,108.82,,,
11/4/2015 16:00:00,108.82,,,
11/5/2015 16:00:00,108.77,,,
11/6/2015 16:00:00,108.25,,,
11/9/2015 16:00:00,108.18,,,
11/10/2015 16:00:00,108.38,,,
11/11/2015 16:00:00,108.24,,,
11/12/2015 16:00:00,108.34,,,
11/13/2015 16:00:00,108.55,,,
11/16/2015 16:00:00,108.64,,,
11/17/2015 16:00:00,108.72,,,
11/18/2015 16:00:00,108.64,,,
11/19/2015 16:00:00,108.69,,,
11/20/2015 16:00:00,108.62,,,
11/23/2015 16:00:00,108.65,,,
11/24/2015 16:00:00,108.75,,,
11/25/2015 16:00:00,108.8,,,
11/27/2015 16:00:00,108.77,,,
11/30/2015 16:00:00,108.81,,,
12/1/2015 16:00:00,108.82,,,
12/2/2015 16:00:00,108.69,,,
12/3/2015 16:00:00,107.89,,,
12/4/2015 16:00:00,108.24,,,
12/7/2015 16:00:00,108.4,,,
12/8/2015 16:00:00,108.44,,,
12/9/2015 16:00:00,108.44,,,
12/10/2015 16:00:00,108.42,,,
12/11/2015 16:00:00,108.69,,,
12/14/2015 16:00:00,108.18,,,
12/15/2015 16:00:00,108.19,,,
12/16/2015 16:00:00,108,,,
12/17/2015 16:00:00,108.15,,,
12/18/2015 16:00:00,108.38,,,
12/21/2015 16:00:00,108.28,,,
12/22/2015 16:00:00,108.2,,,
12/23/2015 16:00:00,108.18,,,
12/24/2015 16:00:00,108.01,,,
12/28/2015 16:00:00,108.01,,,
12/29/2015 16:00:00,107.74,,,
12/30/2015 16:00:00,107.72,,,
12/31/2015 16:00:00,108.01,,,
1/4/2016 16:00:00,107.97,,,
1/5/2016 16:00:00,108.02,,,
1/6/2016 16:00:00,108.43,,,
1/7/2016 16:00:00,108.42,,,
1/8/2016 16:00:00,108.66,,,
1/11/2016 16:00:00,108.35,,,
1/12/2016 16:00:00,108.59,,,
1/13/2016 16:00:00,108.84,,,
1/14/2016 16:00:00,108.8,,,
1/15/2016 16:00:00,108.93,,,
1/19/2016 16:00:00,108.82,,,
1/20/2016 16:00:00,108.91,,,
1/21/2016 16:00:00,108.76,,,
1/22/2016 16:00:00,108.84,,,
1/25/2016 16:00:00,108.78,,,
1/26/2016 16:00:00,108.92,,,
1/27/2016 16:00:00,108.94,,,
1/28/2016 16:00:00,109.03,,,
1/29/2016 16:00:00,109.35,,,
2/1/2016 16:00:00,108.99,,,
2/2/2016 16:00:00,109.32,,,
2/3/2016 16:00:00,109.31,,,
2/4/2016 16:00:00,109.42,,,
2/5/2016 16:00:00,109.32,,,
2/8/2016 16:00:00,109.74,,,
2/9/2016 16:00:00,109.73,,,
2/10/2016 16:00:00,110,,,
2/11/2016 16:00:00,110.07,,,
2/12/2016 16:00:00,109.77,,,
2/16/2016 16:00:00,109.5,,,
2/17/2016 16:00:00,109.44,,,
2/18/2016 16:00:00,109.77,,,
2/19/2016 16:00:00,109.79,,,
2/22/2016 16:00:00,109.82,,,
2/23/2016 16:00:00,109.84,,,
2/24/2016 16:00:00,109.88,,,
2/25/2016 16:00:00,110.16,,,
2/26/2016 16:00:00,109.96,,,
2/29/2016 16:00:00,110.09,,,
3/1/2016 16:00:00,109.54,,,
3/2/2016 16:00:00,109.42,,,
3/3/2016 16:00:00,109.55,,,
3/4/2016 16:00:00,109.38,,,
3/7/2016 16:00:00,109.35,,,
3/8/2016 16:00:00,109.62,,,
3/9/2016 16:00:00,109.57,,,
3/10/2016 16:00:00,109.62,,,
3/11/2016 16:00:00,109.42,,,
3/14/2016 16:00:00,109.48,,,
3/15/2016 16:00:00,109.38,,,
3/16/2016 16:00:00,109.85,,,
3/17/2016 16:00:00,110.08,,,
3/18/2016 16:00:00,110.17,,,
3/21/2016 16:00:00,109.93,,,
3/22/2016 16:00:00,109.86,,,
3/23/2016 16:00:00,110.1,,,
3/24/2016 16:00:00,110.11,,,
3/28/2016 16:00:00,110.19,,,
3/29/2016 16:00:00,110.52,,,
3/30/2016 16:00:00,110.48,,,
3/31/2016 16:00:00,110.83,,,
4/1/2016 16:00:00,110.51,,,
4/4/2016 16:00:00,110.62,,,
4/5/2016 16:00:00,110.77,,,
4/6/2016 16:00:00,110.75,,,
4/7/2016 16:00:00,110.99,,,
4/8/2016 16:00:00,110.88,,,
4/11/2016 16:00:00,110.96,,,
4/12/2016 16:00:00,110.78,,,
4/13/2016 16:00:00,110.83,,,
4/14/2016 16:00:00,110.64,,,
4/15/2016 16:00:00,110.95,,,
4/18/2016 16:00:00,110.94,,,
4/19/2016 16:00:00,110.93,,,
4/20/2016 16:00:00,110.66,,,
4/21/2016 16:00:00,110.51,,,
4/22/2016 16:00:00,110.52,,,
4/25/2016 16:00:00,110.4,,,
4/26/2016 16:00:00,110.35,,,
4/27/2016 16:00:00,110.68,,,
4/28/2016 16:00:00,110.9,,,
4/29/2016 16:00:00,110.89,,,
5/2/2016 16:00:00,110.61,,,
5/3/2016 16:00:00,110.81,,,
5/4/2016 16:00:00,110.86,,,
5/5/2016 16:00:00,111.14,,,
5/6/2016 16:00:00,110.97,,,
5/9/2016 16:00:00,111.04,,,
5/10/2016 16:00:00,111.09,,,
5/11/2016 16:00:00,111.09,,,
5/12/2016 16:00:00,110.99,,,
5/13/2016 16:00:00,111.2,,,
5/16/2016 16:00:00,111.01,,,
5/17/2016 16:00:00,110.86,,,
5/18/2016 16:00:00,110.4,,,
5/19/2016 16:00:00,110.47,,,
5/20/2016 16:00:00,110.54,,,
5/23/2016 16:00:00,110.52,,,
5/24/2016 16:00:00,110.46,,,
5/25/2016 16:00:00,110.48,,,
5/26/2016 16:00:00,110.65,,,
5/27/2016 16:00:00,110.63,,,
5/31/2016 16:00:00,110.7,,,
6/1/2016 16:00:00,110.42,,,
6/2/2016 16:00:00,110.7,,,
6/3/2016 16:00:00,111.3,,,
6/6/2016 16:00:00,111.15,,,
6/7/2016 16:00:00,111.25,,,
6/8/2016 16:00:00,111.29,,,
6/9/2016 16:00:00,111.37,,,
6/10/2016 16:00:00,111.52,,,
6/13/2016 16:00:00,111.61,,,
6/14/2016 16:00:00,111.56,,,
6/15/2016 16:00:00,111.8,,,
6/16/2016 16:00:00,111.87,,,
6/17/2016 16:00:00,111.79,,,
6/20/2016 16:00:00,111.48,,,
6/21/2016 16:00:00,111.4,,,
6/22/2016 16:00:00,111.47,,,
6/23/2016 16:00:00,111.28,,,
6/24/2016 16:00:00,111.86,,,
6/27/2016 16:00:00,112.33,,,
6/28/2016 16:00:00,112.47,,,
6/29/2016 16:00:00,112.39,,,
6/30/2016 16:00:00,112.62,,,
7/1/2016 16:00:00,112.65,,,
7/5/2016 16:00:00,112.95,,,
7/6/2016 16:00:00,113.16,,,
7/7/2016 16:00:00,113.08,,,
7/8/2016 16:00:00,113.25,,,
7/11/2016 16:00:00,112.95,,,
7/12/2016 16:00:00,112.61,,,
7/13/2016 16:00:00,112.77,,,
7/14/2016 16:00:00,112.67,,,
7/15/2016 16:00:00,112.26,,,
7/18/2016 16:00:00,112.32,,,
7/19/2016 16:00:00,112.51,,,
7/20/2016 16:00:00,112.41,,,
7/21/2016 16:00:00,112.51,,,
7/22/2016 16:00:00,112.53,,,
7/25/2016 16:00:00,112.4,,,
7/26/2016 16:00:00,112.4,,,
7/27/2016 16:00:00,112.73,,,
7/28/2016 16:00:00,112.72,,,
7/29/2016 16:00:00,113.02,,,
8/1/2016 16:00:00,112.55,,,
8/2/2016 16:00:00,112.22,,,
8/3/2016 16:00:00,112.34,,,
8/4/2016 16:00:00,112.55,,,
8/5/2016 16:00:00,112.17,,,
8/8/2016 16:00:00,112.24,,,
8/9/2016 16:00:00,112.53,,,
8/10/2016 16:00:00,112.66,,,
8/11/2016 16:00:00,112.36,,,
8/12/2016 16:00:00,112.63,,,
8/15/2016 16:00:00,112.43,,,
8/16/2016 16:00:00,112.36,,,
8/17/2016 16:00:00,112.57,,,
8/18/2016 16:00:00,112.73,,,
8/19/2016 16:00:00,112.48,,,
8/22/2016 16:00:00,112.65,,,
8/23/2016 16:00:00,112.68,,,
8/24/2016 16:00:00,112.64,,,
8/25/2016 16:00:00,112.52,,,
8/26/2016 16:00:00,112.34,,,
8/29/2016 16:00:00,112.65,,,
8/30/2016 16:00:00,112.59,,,
8/31/2016 16:00:00,112.57,,,
9/1/2016 16:00:00,112.46,,,
9/2/2016 16:00:00,112.31,,,
9/6/2016 16:00:00,112.55,,,
9/7/2016 16:00:00,112.61,,,
9/8/2016 16:00:00,112.22,,,
9/9/2016 16:00:00,111.73,,,
9/12/2016 16:00:00,111.82,,,
9/13/2016 16:00:00,111.51,,,
9/14/2016 16:00:00,111.65,,,
9/15/2016 16:00:00,111.72,,,
9/16/2016 16:00:00,111.8,,,
9/19/2016 16:00:00,111.71,,,
9/20/2016 16:00:00,111.75,,,
9/21/2016 16:00:00,112.03,,,
9/22/2016 16:00:00,112.26,,,
9/23/2016 16:00:00,112.23,,,
9/26/2016 16:00:00,112.37,,,
9/27/2016 16:00:00,112.51,,,
9/28/2016 16:00:00,112.54,,,
9/29/2016 16:00:00,112.54,,,
9/30/2016 16:00:00,112.42,,,
10/3/2016 16:00:00,112.09,,,
10/4/2016 16:00:00,111.71,,,
10/5/2016 16:00:00,111.56,,,
10/6/2016 16:00:00,111.56,,,
10/7/2016 16:00:00,111.58,,,
10/10/2016 16:00:00,111.53,,,
10/11/2016 16:00:00,111.36,,,
10/12/2016 16:00:00,111.4,,,
10/13/2016 16:00:00,111.56,,,
10/14/2016 16:00:00,111.37,,,
10/17/2016 16:00:00,111.56,,,
10/18/2016 16:00:00,111.74,,,
10/19/2016 16:00:00,111.8,,,
10/20/2016 16:00:00,111.76,,,
10/21/2016 16:00:00,111.83,,,
10/24/2016 16:00:00,111.66,,,
10/25/2016 16:00:00,111.66,,,
10/26/2016 16:00:00,111.44,,,
10/27/2016 16:00:00,111.16,,,
10/28/2016 16:00:00,111.16,,,
10/31/2016 16:00:00,111.3,,,
11/1/2016 16:00:00,111.03,,,
11/2/2016 16:00:00,111.16,,,
11/3/2016 16:00:00,111.01,,,
11/4/2016 16:00:00,111.24,,,
11/7/2016 16:00:00,111.11,,,
11/8/2016 16:00:00,110.93,,,
11/9/2016 16:00:00,109.9,,,
11/10/2016 16:00:00,109.45,,,
11/11/2016 16:00:00,109.25,,,
11/14/2016 16:00:00,108.81,,,
11/15/2016 16:00:00,108.89,,,
11/16/2016 16:00:00,109.13,,,
11/17/2016 16:00:00,108.72,,,
11/18/2016 16:00:00,108.37,,,
11/21/2016 16:00:00,108.46,,,
11/22/2016 16:00:00,108.56,,,
11/23/2016 16:00:00,108.18,,,
11/25/2016 16:00:00,108.17,,,
11/28/2016 16:00:00,108.55,,,
11/29/2016 16:00:00,108.67,,,
11/30/2016 16:00:00,108.24,,,
12/1/2016 16:00:00,107.68,,,
12/2/2016 16:00:00,108.02,,,
12/5/2016 16:00:00,108.11,,,
12/6/2016 16:00:00,108.09,,,
12/7/2016 16:00:00,108.37,,,
12/8/2016 16:00:00,108.17,,,
12/9/2016 16:00:00,107.84,,,
12/12/2016 16:00:00,107.74,,,
12/13/2016 16:00:00,107.88,,,
12/14/2016 16:00:00,107.29,,,
12/15/2016 16:00:00,107.16,,,
12/16/2016 16:00:00,107.23,,,
12/19/2016 16:00:00,107.51,,,
12/20/2016 16:00:00,107.41,,,
12/21/2016 16:00:00,107.64,,,
12/22/2016 16:00:00,107.39,,,
12/23/2016 16:00:00,107.42,,,
12/27/2016 16:00:00,107.34,,,
12/28/2016 16:00:00,107.51,,,
12/29/2016 16:00:00,107.84,,,
12/30/2016 16:00:00,108.06,,,
1/3/2017 16:00:00,108.17,,,
1/4/2017 16:00:00,108.2,,,
1/5/2017 16:00:00,108.65,,,
1/6/2017 16:00:00,108.29,,,
1/9/2017 16:00:00,108.47,,,
1/10/2017 16:00:00,108.44,,,
1/11/2017 16:00:00,108.57,,,
1/12/2017 16:00:00,108.61,,,
1/13/2017 16:00:00,108.42,,,
1/17/2017 16:00:00,108.79,,,
1/18/2017 16:00:00,108.32,,,
1/19/2017 16:00:00,108.04,,,
1/20/2017 16:00:00,108.08,,,
1/23/2017 16:00:00,108.38,,,
1/24/2017 16:00:00,108.21,,,
1/25/2017 16:00:00,107.92,,,
1/26/2017 16:00:00,107.99,,,
1/27/2017 16:00:00,108.08,,,
1/30/2017 16:00:00,108.03,,,
1/31/2017 16:00:00,108.29,,,
2/1/2017 16:00:00,107.92,,,
2/2/2017 16:00:00,107.98,,,
2/3/2017 16:00:00,108.01,,,
2/6/2017 16:00:00,108.32,,,
2/7/2017 16:00:00,108.43,,,
2/8/2017 16:00:00,108.74,,,
2/9/2017 16:00:00,108.48,,,
2/10/2017 16:00:00,108.46,,,
2/13/2017 16:00:00,108.3,,,
2/14/2017 16:00:00,108.06,,,
2/15/2017 16:00:00,107.89,,,
2/16/2017 16:00:00,108.12,,,
2/17/2017 16:00:00,108.36,,,
2/21/2017 16:00:00,108.35,,,
2/22/2017 16:00:00,108.42,,,
2/23/2017 16:00:00,108.6,,,
2/24/2017 16:00:00,109,,,
2/27/2017 16:00:00,108.8,,,
2/28/2017 16:00:00,108.77,,,
3/1/2017 16:00:00,108.04,,,
3/2/2017 16:00:00,107.84,,,
3/3/2017 16:00:00,107.92,,,
3/6/2017 16:00:00,107.87,,,
3/7/2017 16:00:00,107.73,,,
3/8/2017 16:00:00,107.47,,,
3/9/2017 16:00:00,107.14,,,
3/10/2017 16:00:00,107.3,,,
3/13/2017 16:00:00,107.12,,,
3/14/2017 16:00:00,107.16,,,
3/15/2017 16:00:00,107.78,,,
3/16/2017 16:00:00,107.66,,,
3/17/2017 16:00:00,107.89,,,
3/20/2017 16:00:00,108.05,,,
3/21/2017 16:00:00,108.27,,,
3/22/2017 16:00:00,108.42,,,
3/23/2017 16:00:00,108.45,,,
3/24/2017 16:00:00,108.36,,,
3/27/2017 16:00:00,108.62,,,
3/28/2017 16:00:00,108.37,,,
3/29/2017 16:00:00,108.61,,,
3/30/2017 16:00:00,108.41,,,
3/31/2017 16:00:00,108.49,,,
4/3/2017 16:00:00,108.67,,,
4/4/2017 16:00:00,108.57,,,
4/5/2017 16:00:00,108.69,,,
4/6/2017 16:00:00,108.68,,,
4/7/2017 16:00:00,108.44,,,
4/10/2017 16:00:00,108.58,,,
4/11/2017 16:00:00,108.89,,,
4/12/2017 16:00:00,109.13,,,
4/13/2017 16:00:00,109.27,,,
4/17/2017 16:00:00,109.21,,,
4/18/2017 16:00:00,109.65,,,
4/19/2017 16:00:00,109.48,,,
4/20/2017 16:00:00,109.31,,,
4/21/2017 16:00:00,109.34,,,
4/24/2017 16:00:00,109.18,,,
4/25/2017 16:00:00,108.82,,,
4/26/2017 16:00:00,108.96,,,
4/27/2017 16:00:00,109.06,,,
4/28/2017 16:00:00,109.25,,,
5/1/2017 16:00:00,108.73,,,
5/2/2017 16:00:00,108.88,,,
5/3/2017 16:00:00,108.77,,,
5/4/2017 16:00:00,108.68,,,
5/5/2017 16:00:00,108.7,,,
5/8/2017 16:00:00,108.49,,,
5/9/2017 16:00:00,108.5,,,
5/10/2017 16:00:00,108.53,,,
5/11/2017 16:00:00,108.52,,,
5/12/2017 16:00:00,108.92,,,
5/15/2017 16:00:00,108.88,,,
5/16/2017 16:00:00,109.02,,,
5/17/2017 16:00:00,109.58,,,
5/18/2017 16:00:00,109.52,,,
5/19/2017 16:00:00,109.52,,,
5/22/2017 16:00:00,109.45,,,
5/23/2017 16:00:00,109.24,,,
5/24/2017 16:00:00,109.43,,,
5/25/2017 16:00:00,109.48,,,
5/26/2017 16:00:00,109.44,,,
5/30/2017 16:00:00,109.65,,,
5/31/2017 16:00:00,109.76,,,
6/1/2017 16:00:00,109.48,,,
6/2/2017 16:00:00,109.84,,,
6/5/2017 16:00:00,109.67,,,
6/6/2017 16:00:00,109.89,,,
6/7/2017 16:00:00,109.76,,,
6/8/2017 16:00:00,109.65,,,
6/9/2017 16:00:00,109.56,,,
6/12/2017 16:00:00,109.56,,,
6/13/2017 16:00:00,109.59,,,
6/14/2017 16:00:00,109.94,,,
6/15/2017 16:00:00,109.87,,,
6/16/2017 16:00:00,109.94,,,
6/19/2017 16:00:00,109.79,,,
6/20/2017 16:00:00,109.96,,,
6/21/2017 16:00:00,109.98,,,
6/22/2017 16:00:00,110.03,,,
6/23/2017 16:00:00,110.05,,,
6/26/2017 16:00:00,110.15,,,
6/27/2017 16:00:00,109.82,,,
6/28/2017 16:00:00,109.86,,,
6/29/2017 16:00:00,109.65,,,
6/30/2017 16:00:00,109.51,,,
7/3/2017 16:00:00,109.09,,,
7/5/2017 16:00:00,109.15,,,
7/6/2017 16:00:00,108.94,,,
7/7/2017 16:00:00,108.9,,,
7/10/2017 16:00:00,108.95,,,
7/11/2017 16:00:00,109.05,,,
7/12/2017 16:00:00,109.38,,,
7/13/2017 16:00:00,109.26,,,
7/14/2017 16:00:00,109.37,,,
7/17/2017 16:00:00,109.42,,,
7/18/2017 16:00:00,109.67,,,
7/19/2017 16:00:00,109.7,,,
7/20/2017 16:00:00,109.73,,,
7/21/2017 16:00:00,109.92,,,
7/24/2017 16:00:00,109.82,,,
7/25/2017 16:00:00,109.43,,,
7/26/2017 16:00:00,109.64,,,
7/27/2017 16:00:00,109.48,,,
7/28/2017 16:00:00,109.7,,,
7/31/2017 16:00:00,109.65,,,
8/1/2017 16:00:00,109.72,,,
8/2/2017 16:00:00,109.64,,,
8/3/2017 16:00:00,109.86,,,
8/4/2017 16:00:00,109.68,,,
8/7/2017 16:00:00,109.67,,,
8/8/2017 16:00:00,109.57,,,
8/9/2017 16:00:00,109.67,,,
8/10/2017 16:00:00,109.78,,,
8/11/2017 16:00:00,109.87,,,
8/14/2017 16:00:00,109.82,,,
8/15/2017 16:00:00,109.66,,,
8/16/2017 16:00:00,109.86,,,
8/17/2017 16:00:00,110.02,,,
8/18/2017 16:00:00,109.95,,,
8/21/2017 16:00:00,110.03,,,
8/22/2017 16:00:00,109.93,,,
8/23/2017 16:00:00,110.18,,,
8/24/2017 16:00:00,110.04,,,
8/25/2017 16:00:00,110.12,,,
8/28/2017 16:00:00,110.16,,,
8/29/2017 16:00:00,110.32,,,
8/30/2017 16:00:00,110.3,,,
8/31/2017 16:00:00,110.45,,,
9/1/2017 16:00:00,109.97,,,
9/5/2017 16:00:00,110.42,,,
9/6/2017 16:00:00,110.3,,,
9/7/2017 16:00:00,110.57,,,
9/8/2017 16:00:00,110.44,,,
9/11/2017 16:00:00,110.14,,,
9/12/2017 16:00:00,109.98,,,
9/13/2017 16:00:00,109.87,,,
9/14/2017 16:00:00,109.93,,,
9/15/2017 16:00:00,109.91,,,
9/18/2017 16:00:00,109.86,,,
9/19/2017 16:00:00,109.8,,,
9/20/2017 16:00:00,109.71,,,
9/21/2017 16:00:00,109.69,,,
9/22/2017 16:00:00,109.77,,,
9/25/2017 16:00:00,110.03,,,
9/26/2017 16:00:00,109.99,,,
9/27/2017 16:00:00,109.67,,,
9/28/2017 16:00:00,109.68,,,
9/29/2017 16:00:00,109.59,,,
10/2/2017 16:00:00,109.43,,,
10/3/2017 16:00:00,109.52,,,
10/4/2017 16:00:00,109.49,,,
10/5/2017 16:00:00,109.44,,,
10/6/2017 16:00:00,109.28,,,
10/9/2017 16:00:00,109.43,,,
10/10/2017 16:00:00,109.44,,,
10/11/2017 16:00:00,109.46,,,
10/12/2017 16:00:00,109.59,,,
10/13/2017 16:00:00,109.86,,,
10/16/2017 16:00:00,109.75,,,
10/17/2017 16:00:00,109.71,,,
10/18/2017 16:00:00,109.54,,,
10/19/2017 16:00:00,109.62,,,
10/20/2017 16:00:00,109.3,,,
10/23/2017 16:00:00,109.42,,,
10/24/2017 16:00:00,109.19,,,
10/25/2017 16:00:00,109.12,,,
10/26/2017 16:00:00,109,,,
10/27/2017 16:00:00,109.24,,,
10/30/2017 16:00:00,109.54,,,
10/31/2017 16:00:00,109.47,,,
11/1/2017 16:00:00,109.29,,,
11/2/2017 16:00:00,109.35,,,
11/3/2017 16:00:00,109.45,,,
11/6/2017 16:00:00,109.55,,,
11/7/2017 16:00:00,109.58,,,
11/8/2017 16:00:00,109.51,,,
11/9/2017 16:00:00,109.43,,,
11/10/2017 16:00:00,108.99,,,
11/13/2017 16:00:00,108.99,,,
11/14/2017 16:00:00,109.1,,,
11/15/2017 16:00:00,109.31,,,
11/16/2017 16:00:00,109.19,,,
11/17/2017 16:00:00,109.31,,,
11/20/2017 16:00:00,109.25,,,
11/21/2017 16:00:00,109.36,,,
11/22/2017 16:00:00,109.55,,,
11/24/2017 16:00:00,109.53,,,
11/27/2017 16:00:00,109.53,,,
11/28/2017 16:00:00,109.53,,,
11/29/2017 16:00:00,109.26,,,
11/30/2017 16:00:00,109.08,,,
12/1/2017 16:00:00,109.16,,,
12/4/2017 16:00:00,109.15,,,
12/5/2017 16:00:00,109.26,,,
12/6/2017 16:00:00,109.37,,,
12/7/2017 16:00:00,109.23,,,
12/8/2017 16:00:00,109.19,,,
12/11/2017 16:00:00,109.15,,,
12/12/2017 16:00:00,109.1,,,
12/13/2017 16:00:00,109.41,,,
12/14/2017 16:00:00,109.44,,,
12/15/2017 16:00:00,109.47,,,
12/18/2017 16:00:00,109.33,,,
12/19/2017 16:00:00,109.01,,,
12/20/2017 16:00:00,108.76,,,
12/21/2017 16:00:00,108.82,,,
12/22/2017 16:00:00,108.87,,,
12/26/2017 16:00:00,108.96,,,
12/27/2017 16:00:00,109.3,,,
12/28/2017 16:00:00,109.22,,,
12/29/2017 16:00:00,109.33,,,
1/2/2018 16:00:00,109.17,,,
1/3/2018 16:00:00,109.18,,,
1/4/2018 16:00:00,109.11,,,
1/5/2018 16:00:00,109.04,,,
1/8/2018 16:00:00,109.01,,,
1/9/2018 16:00:00,108.71,,,
1/10/2018 16:00:00,108.71,,,
1/11/2018 16:00:00,108.76,,,
1/12/2018 16:00:00,108.74,,,
1/16/2018 16:00:00,108.77,,,
1/17/2018 16:00:00,108.65,,,
1/18/2018 16:00:00,108.41,,,
1/19/2018 16:00:00,108.18,,,
1/22/2018 16:00:00,108.14,,,
1/23/2018 16:00:00,108.4,,,
1/24/2018 16:00:00,108.29,,,
1/25/2018 16:00:00,108.57,,,
1/26/2018 16:00:00,108.37,,,
1/29/2018 16:00:00,108.18,,,
1/30/2018 16:00:00,108.01,,,
1/31/2018 16:00:00,108.1,,,
2/1/2018 16:00:00,107.52,,,
2/2/2018 16:00:00,107.2,,,
2/5/2018 16:00:00,107.63,,,
2/6/2018 16:00:00,107.32,,,
2/7/2018 16:00:00,107.08,,,
2/8/2018 16:00:00,106.9,,,
2/9/2018 16:00:00,106.76,,,
2/12/2018 16:00:00,106.79,,,
2/13/2018 16:00:00,106.82,,,
2/14/2018 16:00:00,106.46,,,
2/15/2018 16:00:00,106.59,,,
2/16/2018 16:00:00,106.8,,,
2/20/2018 16:00:00,106.69,,,
2/21/2018 16:00:00,106.35,,,
2/22/2018 16:00:00,106.36,,,
2/23/2018 16:00:00,106.63,,,
2/26/2018 16:00:00,106.71,,,
2/27/2018 16:00:00,106.48,,,
2/28/2018 16:00:00,106.77,,,
3/1/2018 16:00:00,106.63,,,
3/2/2018 16:00:00,106.46,,,
3/5/2018 16:00:00,106.4,,,
3/6/2018 16:00:00,106.42,,,
3/7/2018 16:00:00,106.4,,,
3/8/2018 16:00:00,106.57,,,
3/9/2018 16:00:00,106.37,,,
3/12/2018 16:00:00,106.43,,,
3/13/2018 16:00:00,106.57,,,
3/14/2018 16:00:00,106.75,,,
3/15/2018 16:00:00,106.76,,,
3/16/2018 16:00:00,106.7,,,
3/19/2018 16:00:00,106.59,,,
3/20/2018 16:00:00,106.42,,,
3/21/2018 16:00:00,106.41,,,
3/22/2018 16:00:00,106.61,,,
3/23/2018 16:00:00,106.61,,,
3/26/2018 16:00:00,106.57,,,
3/27/2018 16:00:00,106.88,,,
3/28/2018 16:00:00,106.94,,,
3/29/2018 16:00:00,107.25,,,
4/2/2018 16:00:00,106.9,,,
4/3/2018 16:00:00,106.78,,,
4/4/2018 16:00:00,106.82,,,
4/5/2018 16:00:00,106.67,,,
4/6/2018 16:00:00,106.91,,,
4/9/2018 16:00:00,107,,,
4/10/2018 16:00:00,106.92,,,
4/11/2018 16:00:00,107.01,,,
4/12/2018 16:00:00,106.77,,,
4/13/2018 16:00:00,106.8,,,
4/16/2018 16:00:00,106.82,,,
4/17/2018 16:00:00,106.85,,,
4/18/2018 16:00:00,106.55,,,
4/19/2018 16:00:00,106.29,,,
4/20/2018 16:00:00,106,,,
4/23/2018 16:00:00,105.95,,,
4/24/2018 16:00:00,105.81,,,
4/25/2018 16:00:00,105.67,,,
4/26/2018 16:00:00,105.85,,,
4/27/2018 16:00:00,105.98,,,
4/30/2018 16:00:00,106,,,
5/1/2018 16:00:00,105.67,,,
5/2/2018 16:00:00,105.67,,,
5/3/2018 16:00:00,105.79,,,
5/4/2018 16:00:00,105.86,,,
5/7/2018 16:00:00,105.81,,,
5/8/2018 16:00:00,105.69,,,
5/9/2018 16:00:00,105.57,,,
5/10/2018 16:00:00,105.81,,,
5/11/2018 16:00:00,105.86,,,
5/14/2018 16:00:00,105.76,,,
5/15/2018 16:00:00,105.29,,,
5/16/2018 16:00:00,105.17,,,
5/17/2018 16:00:00,105.03,,,
5/18/2018 16:00:00,105.3,,,
5/21/2018 16:00:00,105.31,,,
5/22/2018 16:00:00,105.31,,,
5/23/2018 16:00:00,105.6,,,
5/24/2018 16:00:00,105.89,,,
5/25/2018 16:00:00,106.12,,,
5/29/2018 16:00:00,106.82,,,
5/30/2018 16:00:00,106.55,,,
5/31/2018 16:00:00,106.46,,,
6/1/2018 16:00:00,106.08,,,
6/4/2018 16:00:00,105.83,,,
6/5/2018 16:00:00,105.91,,,
6/6/2018 16:00:00,105.67,,,
6/7/2018 16:00:00,105.9,,,
6/8/2018 16:00:00,105.75,,,
6/11/2018 16:00:00,105.64,,,
6/12/2018 16:00:00,105.67,,,
6/13/2018 16:00:00,105.57,,,
6/14/2018 16:00:00,105.84,,,
6/15/2018 16:00:00,105.88,,,
6/18/2018 16:00:00,105.9,,,
6/19/2018 16:00:00,106.01,,,
6/20/2018 16:00:00,105.81,,,
6/21/2018 16:00:00,105.84,,,
6/22/2018 16:00:00,105.94,,,
6/25/2018 16:00:00,105.88,,,
6/26/2018 16:00:00,106.05,,,
6/27/2018 16:00:00,106.24,,,
6/28/2018 16:00:00,106.23,,,
6/29/2018 16:00:00,106.32,,,
7/2/2018 16:00:00,105.99,,,
7/3/2018 13:00:00,106.21,,,
7/5/2018 16:00:00,106.31,,,
7/6/2018 16:00:00,106.42,,,
7/9/2018 16:00:00,106.32,,,
7/10/2018 16:00:00,106.24,,,
7/11/2018 16:00:00,106.28,,,
7/12/2018 16:00:00,106.41,,,
7/13/2018 16:00:00,106.51,,,
7/16/2018 16:00:00,106.39,,,
7/17/2018 16:00:00,106.35,,,
7/18/2018 16:00:00,106.32,,,
7/19/2018 16:00:00,106.48,,,
7/20/2018 16:00:00,106.27,,,
7/23/2018 16:00:00,105.9,,,
7/24/2018 16:00:00,106.05,,,
7/25/2018 16:00:00,106.06,,,
7/26/2018 16:00:00,106,,,
7/27/2018 16:00:00,106.08,,,
7/30/2018 16:00:00,105.97,,,
7/31/2018 16:00:00,106.06,,,
8/1/2018 16:00:00,105.7,,,
8/2/2018 16:00:00,105.74,,,
8/3/2018 16:00:00,105.97,,,
8/6/2018 16:00:00,106.04,,,
8/7/2018 16:00:00,105.85,,,
8/8/2018 16:00:00,105.85,,,
8/9/2018 16:00:00,106,,,
8/10/2018 16:00:00,106.23,,,
8/13/2018 16:00:00,106.29,,,
8/14/2018 16:00:00,106.19,,,
8/15/2018 16:00:00,106.34,,,
8/16/2018 16:00:00,106.4,,,
8/17/2018 16:00:00,106.46,,,
8/20/2018 16:00:00,106.67,,,
8/21/2018 16:00:00,106.58,,,
8/22/2018 16:00:00,106.67,,,
8/23/2018 16:00:00,106.61,,,
8/24/2018 16:00:00,106.73,,,
8/27/2018 16:00:00,106.59,,,
8/28/2018 16:00:00,106.39,,,
8/29/2018 16:00:00,106.37,,,
8/30/2018 16:00:00,106.42,,,
8/31/2018 16:00:00,106.41,,,
9/4/2018 16:00:00,106.06,,,
9/5/2018 16:00:00,106.01,,,
9/6/2018 16:00:00,106.19,,,
9/7/2018 16:00:00,105.81,,,
9/10/2018 16:00:00,105.91,,,
9/11/2018 16:00:00,105.73,,,
9/12/2018 16:00:00,105.8,,,
9/13/2018 16:00:00,105.87,,,
9/14/2018 16:00:00,105.67,,,
9/17/2018 16:00:00,105.67,,,
9/18/2018 16:00:00,105.44,,,
9/19/2018 16:00:00,105.24,,,
9/20/2018 16:00:00,105.38,,,
9/21/2018 16:00:00,105.46,,,
9/24/2018 16:00:00,105.36,,,
9/25/2018 16:00:00,105.31,,,
9/26/2018 16:00:00,105.56,,,
9/27/2018 16:00:00,105.63,,,
9/28/2018 16:00:00,105.52,,,
10/1/2018 16:00:00,105.24,,,
10/2/2018 16:00:00,105.36,,,
10/3/2018 16:00:00,104.86,,,
10/4/2018 16:00:00,104.56,,,
10/5/2018 16:00:00,104.33,,,
10/8/2018 16:00:00,104.29,,,
10/9/2018 16:00:00,104.44,,,
10/10/2018 16:00:00,104.41,,,
10/11/2018 16:00:00,104.72,,,
10/12/2018 16:00:00,104.75,,,
10/15/2018 16:00:00,104.68,,,
10/16/2018 16:00:00,104.74,,,
10/17/2018 16:00:00,104.53,,,
10/18/2018 16:00:00,104.46,,,
10/19/2018 16:00:00,104.37,,,
10/22/2018 16:00:00,104.35,,,
10/23/2018 16:00:00,104.48,,,
10/24/2018 16:00:00,104.75,,,
10/25/2018 16:00:00,104.66,,,
10/26/2018 16:00:00,104.9,,,
10/29/2018 16:00:00,104.79,,,
10/30/2018 16:00:00,104.64,,,
10/31/2018 16:00:00,104.59,,,
11/1/2018 16:00:00,104.34,,,
11/2/2018 16:00:00,104.03,,,
11/5/2018 16:00:00,104.1,,,
11/6/2018 16:00:00,104.11,,,
11/7/2018 16:00:00,104.2,,,
11/8/2018 16:00:00,104.01,,,
11/9/2018 16:00:00,104.14,,,
11/12/2018 16:00:00,104.31,,,
11/13/2018 16:00:00,104.35,,,
11/14/2018 16:00:00,104.36,,,
11/15/2018 16:00:00,104.49,,,
11/16/2018 16:00:00,104.66,,,
11/19/2018 16:00:00,104.65,,,
11/20/2018 16:00:00,104.61,,,
11/21/2018 16:00:00,104.68,,,
11/23/2018 13:00:00,104.65,,,
11/26/2018 16:00:00,104.63,,,
11/27/2018 16:00:00,104.66,,,
11/28/2018 16:00:00,104.86,,,
11/29/2018 16:00:00,104.91,,,
11/30/2018 16:00:00,104.88,,,
12/3/2018 16:00:00,104.8,,,
12/4/2018 16:00:00,105.08,,,
12/6/2018 16:00:00,105.34,,,
12/7/2018 16:00:00,105.48,,,
12/10/2018 16:00:00,105.55,,,
12/11/2018 16:00:00,105.58,,,
12/12/2018 16:00:00,105.5,,,
12/13/2018 16:00:00,105.53,,,
12/14/2018 16:00:00,105.56,,,
12/17/2018 16:00:00,105.74,,,
12/18/2018 16:00:00,105.84,,,
12/19/2018 16:00:00,105.94,,,
12/20/2018 16:00:00,105.84,,,
12/21/2018 16:00:00,105.79,,,
12/24/2018 13:00:00,105.86,,,
12/26/2018 16:00:00,105.66,,,
12/27/2018 16:00:00,105.83,,,
12/28/2018 16:00:00,106.22,,,
12/31/2018 16:00:00,106.49,,,
1/2/2019 16:00:00,106.57,,,
1/3/2019 16:00:00,107.01,,,
1/4/2019 16:00:00,106.69,,,
1/7/2019 16:00:00,106.51,,,
1/8/2019 16:00:00,106.43,,,
1/9/2019 16:00:00,106.52,,,
1/10/2019 16:00:00,106.4,,,
1/11/2019 16:00:00,106.55,,,
1/14/2019 16:00:00,106.4,,,
1/15/2019 16:00:00,106.42,,,
1/16/2019 16:00:00,106.51,,,
1/17/2019 16:00:00,106.43,,,
1/18/2019 16:00:00,106.35,,,
1/22/2019 16:00:00,106.44,,,
1/23/2019 16:00:00,106.55,,,
1/24/2019 16:00:00,106.73,,,
1/25/2019 16:00:00,106.68,,,
1/28/2019 16:00:00,106.62,,,
1/29/2019 16:00:00,106.9,,,
1/30/2019 16:00:00,107.14,,,
1/31/2019 16:00:00,107.46,,,
2/1/2019 16:00:00,106.97,,,
2/4/2019 16:00:00,106.88,,,
2/5/2019 16:00:00,107.11,,,
2/6/2019 16:00:00,107.05,,,
2/7/2019 16:00:00,107.1,,,
2/8/2019 16:00:00,107.34,,,
2/11/2019 16:00:00,107.23,,,
2/12/2019 16:00:00,107.25,,,
2/13/2019 16:00:00,107.06,,,
2/14/2019 16:00:00,107.22,,,
2/15/2019 16:00:00,107.3,,,
2/19/2019 16:00:00,107.36,,,
2/20/2019 16:00:00,107.37,,,
2/21/2019 16:00:00,107.13,,,
2/22/2019 16:00:00,107.4,,,
2/25/2019 16:00:00,107.37,,,
2/26/2019 16:00:00,107.49,,,
2/27/2019 16:00:00,107.26,,,
2/28/2019 16:00:00,107.07,,,
3/1/2019 16:00:00,106.63,,,
3/4/2019 16:00:00,106.76,,,
3/5/2019 16:00:00,106.83,,,
3/6/2019 16:00:00,106.99,,,
3/7/2019 16:00:00,107.29,,,
3/8/2019 16:00:00,107.43,,,
3/11/2019 16:00:00,107.44,,,
3/12/2019 16:00:00,107.64,,,
3/13/2019 16:00:00,107.59,,,
3/14/2019 16:00:00,107.43,,,
3/15/2019 16:00:00,107.7,,,
3/18/2019 16:00:00,107.68,,,
3/19/2019 16:00:00,107.62,,,
3/20/2019 16:00:00,108.06,,,
3/21/2019 16:00:00,108.08,,,
3/22/2019 16:00:00,108.62,,,
3/25/2019 16:00:00,108.82,,,
3/26/2019 16:00:00,108.84,,,
3/27/2019 16:00:00,109.07,,,
3/28/2019 16:00:00,109.08,,,
3/29/2019 16:00:00,109.07,,,
4/1/2019 16:00:00,108.31,,,
4/2/2019 16:00:00,108.43,,,
4/3/2019 16:00:00,108.23,,,
4/4/2019 16:00:00,108.31,,,
4/5/2019 16:00:00,108.39,,,
4/8/2019 16:00:00,108.34,,,
4/9/2019 16:00:00,108.4,,,
4/10/2019 16:00:00,108.61,,,
4/11/2019 16:00:00,108.48,,,
4/12/2019 16:00:00,108.27,,,
4/15/2019 16:00:00,108.25,,,
4/16/2019 16:00:00,108.06,,,
4/17/2019 16:00:00,108.05,,,
4/18/2019 16:00:00,108.19,,,
4/22/2019 16:00:00,108.06,,,
4/23/2019 16:00:00,108.25,,,
4/24/2019 16:00:00,108.5,,,
4/25/2019 16:00:00,108.49,,,
4/26/2019 16:00:00,108.71,,,
4/29/2019 16:00:00,108.52,,,
4/30/2019 16:00:00,108.59,,,
5/1/2019 16:00:00,108.4,,,
5/2/2019 16:00:00,108.16,,,
5/3/2019 16:00:00,108.34,,,
5/6/2019 16:00:00,108.48,,,
5/7/2019 16:00:00,108.61,,,
5/8/2019 16:00:00,108.59,,,
5/9/2019 16:00:00,108.65,,,
5/10/2019 16:00:00,108.67,,,
5/13/2019 16:00:00,108.85,,,
5/14/2019 16:00:00,108.94,,,
5/15/2019 16:00:00,109.13,,,
5/16/2019 16:00:00,109,,,
5/17/2019 16:00:00,109.03,,,
5/20/2019 16:00:00,108.88,,,
5/21/2019 16:00:00,108.87,,,
5/22/2019 16:00:00,109.05,,,
5/23/2019 16:00:00,109.37,,,
5/24/2019 16:00:00,109.41,,,
5/28/2019 16:00:00,109.57,,,
5/29/2019 16:00:00,109.6,,,
5/30/2019 16:00:00,109.89,,,
5/31/2019 16:00:00,110.4,,,
6/3/2019 16:00:00,110.4,,,
6/4/2019 16:00:00,110.3,,,
6/5/2019 16:00:00,110.24,,,
6/6/2019 16:00:00,110.22,,,
6/7/2019 16:00:00,110.53,,,
6/10/2019 16:00:00,110.24,,,
6/11/2019 16:00:00,110.22,,,
6/12/2019 16:00:00,110.36,,,
6/13/2019 16:00:00,110.6,,,
6/14/2019 16:00:00,110.57,,,
6/17/2019 16:00:00,110.54,,,
6/18/2019 16:00:00,110.84,,,
6/19/2019 16:00:00,111.22,,,
6/20/2019 16:00:00,111.41,,,
6/21/2019 16:00:00,111.12,,,
6/24/2019 16:00:00,111.32,,,
6/25/2019 16:00:00,111.34,,,
6/26/2019 16:00:00,111.09,,,
6/27/2019 16:00:00,111.4,,,
6/28/2019 16:00:00,111.35,,,
7/1/2019 16:00:00,111.18,,,
7/2/2019 16:00:00,111.38,,,
7/3/2019 13:00:00,111.56,,,
7/5/2019 16:00:00,111.09,,,
7/8/2019 16:00:00,111.03,,,
7/9/2019 16:00:00,111,,,
7/10/2019 16:00:00,111.08,,,
7/11/2019 16:00:00,110.67,,,
7/12/2019 16:00:00,110.79,,,
7/15/2019 16:00:00,110.95,,,
7/16/2019 16:00:00,110.83,,,
7/17/2019 16:00:00,111.12,,,
7/18/2019 16:00:00,111.3,,,
7/19/2019 16:00:00,111.17,,,
7/22/2019 16:00:00,111.31,,,
7/23/2019 16:00:00,111.2,,,
7/24/2019 16:00:00,111.36,,,
7/25/2019 16:00:00,111.19,,,
7/26/2019 16:00:00,111.21,,,
7/29/2019 16:00:00,111.26,,,
7/30/2019 16:00:00,111.25,,,
7/31/2019 16:00:00,111.3,,,
8/1/2019 16:00:00,111.91,,,
8/2/2019 16:00:00,111.95,,,
8/5/2019 16:00:00,112.44,,,
8/6/2019 16:00:00,112.74,,,
8/7/2019 16:00:00,112.68,,,
8/8/2019 16:00:00,112.79,,,
8/9/2019 16:00:00,112.64,,,
8/12/2019 16:00:00,113.05,,,
8/13/2019 16:00:00,112.89,,,
8/14/2019 16:00:00,113.24,,,
8/15/2019 16:00:00,113.76,,,
8/16/2019 16:00:00,113.67,,,
8/19/2019 16:00:00,113.37,,,
8/20/2019 16:00:00,113.68,,,
8/21/2019 16:00:00,113.62,,,
8/22/2019 16:00:00,113.32,,,
8/23/2019 16:00:00,113.78,,,
8/26/2019 16:00:00,113.73,,,
8/27/2019 16:00:00,114.09,,,
8/28/2019 16:00:00,114.1,,,
8/29/2019 16:00:00,114.03,,,
8/30/2019 16:00:00,114.13,,,
9/3/2019 16:00:00,113.84,,,
9/4/2019 16:00:00,114.04,,,
9/5/2019 16:00:00,113.55,,,
9/6/2019 16:00:00,113.67,,,
9/9/2019 16:00:00,113.19,,,
9/10/2019 16:00:00,112.58,,,
9/11/2019 16:00:00,112.6,,,
9/12/2019 16:00:00,112.42,,,
9/13/2019 16:00:00,111.75,,,
9/16/2019 16:00:00,112.05,,,
9/17/2019 16:00:00,112.22,,,
9/18/2019 16:00:00,112.35,,,
9/19/2019 16:00:00,112.51,,,
9/20/2019 16:00:00,112.92,,,
9/23/2019 16:00:00,112.97,,,
9/24/2019 16:00:00,113.28,,,
9/25/2019 16:00:00,112.81,,,
9/26/2019 16:00:00,113,,,
9/27/2019 16:00:00,113.14,,,
9/30/2019 16:00:00,113.17,,,
10/1/2019 16:00:00,113.12,,,
10/2/2019 16:00:00,113.2,,,
10/3/2019 16:00:00,113.64,,,
10/4/2019 16:00:00,113.82,,,
10/7/2019 16:00:00,113.51,,,
10/8/2019 16:00:00,113.55,,,
10/9/2019 16:00:00,113.49,,,
10/10/2019 16:00:00,113.1,,,
10/11/2019 16:00:00,112.73,,,
10/14/2019 16:00:00,112.92,,,
10/15/2019 16:00:00,112.55,,,
10/16/2019 16:00:00,112.75,,,
10/17/2019 16:00:00,112.72,,,
10/18/2019 16:00:00,112.8,,,
10/21/2019 16:00:00,112.49,,,
10/22/2019 16:00:00,112.66,,,
10/23/2019 16:00:00,112.75,,,
10/24/2019 16:00:00,112.78,,,
10/25/2019 16:00:00,112.62,,,
10/28/2019 16:00:00,112.38,,,
10/29/2019 16:00:00,112.39,,,
10/30/2019 16:00:00,112.71,,,
10/31/2019 16:00:00,113.15,,,
11/1/2019 16:00:00,112.93,,,
11/4/2019 16:00:00,112.65,,,
11/5/2019 16:00:00,112.23,,,
11/6/2019 16:00:00,112.4,,,
11/7/2019 16:00:00,111.87,,,
11/8/2019 16:00:00,111.81,,,
11/11/2019 16:00:00,111.83,,,
11/12/2019 16:00:00,111.95,,,
11/13/2019 16:00:00,112.15,,,
11/14/2019 16:00:00,112.47,,,
11/15/2019 16:00:00,112.41,,,
11/18/2019 16:00:00,112.62,,,
11/19/2019 16:00:00,112.7,,,
11/20/2019 16:00:00,112.97,,,
11/21/2019 16:00:00,112.81,,,
11/22/2019 16:00:00,112.87,,,
11/25/2019 16:00:00,112.98,,,
11/26/2019 16:00:00,113.14,,,
11/27/2019 16:00:00,113,,,
11/29/2019 13:00:00,112.86,,,
12/2/2019 16:00:00,112.49,,,
12/3/2019 16:00:00,113,,,
12/4/2019 16:00:00,112.81,,,
12/5/2019 16:00:00,112.68,,,
12/6/2019 16:00:00,112.52,,,
12/9/2019 16:00:00,112.58,,,
12/10/2019 16:00:00,112.54,,,
12/11/2019 16:00:00,112.84,,,
12/12/2019 16:00:00,112.36,,,
12/13/2019 16:00:00,112.81,,,
12/16/2019 16:00:00,112.58,,,
12/17/2019 16:00:00,112.59,,,
12/18/2019 16:00:00,112.37,,,
12/19/2019 16:00:00,112.3,,,
12/20/2019 16:00:00,112.32,,,
12/23/2019 16:00:00,112.24,,,
12/24/2019 13:00:00,112.38,,,
12/26/2019 16:00:00,112.48,,,
12/27/2019 16:00:00,112.63,,,
12/30/2019 16:00:00,112.63,,,
12/31/2019 16:00:00,112.37,,,
1/2/2020 16:00:00,112.68,,,
1/3/2020 16:00:00,113.01,,,
1/6/2020 16:00:00,112.92,,,
1/7/2020 16:00:00,112.8,,,
1/8/2020 16:00:00,112.67,,,
1/9/2020 16:00:00,112.79,,,
1/10/2020 16:00:00,112.98,,,
1/13/2020 16:00:00,112.91,,,
1/14/2020 16:00:00,113.01,,,
1/15/2020 16:00:00,113.18,,,
1/16/2020 16:00:00,113.18,,,
1/17/2020 16:00:00,113.05,,,
1/21/2020 16:00:00,113.37,,,
1/22/2020 16:00:00,113.43,,,
1/23/2020 16:00:00,113.58,,,
1/24/2020 16:00:00,113.79,,,
1/27/2020 16:00:00,114.14,,,
1/28/2020 16:00:00,114.04,,,
1/29/2020 16:00:00,114.3,,,
1/30/2020 16:00:00,114.31,,,
1/31/2020 16:00:00,114.65,,,
2/3/2020 16:00:00,114.37,,,
2/4/2020 16:00:00,113.99,,,
2/5/2020 16:00:00,113.82,,,
2/6/2020 16:00:00,113.89,,,
2/7/2020 16:00:00,114.22,,,
2/10/2020 16:00:00,114.35,,,
2/11/2020 16:00:00,114.21,,,
2/12/2020 16:00:00,114.09,,,
2/13/2020 16:00:00,114.17,,,
2/14/2020 16:00:00,114.29,,,
2/18/2020 16:00:00,114.44,,,
2/19/2020 16:00:00,114.41,,,
2/20/2020 16:00:00,114.67,,,
2/21/2020 16:00:00,114.9,,,
2/24/2020 16:00:00,115.27,,,
2/25/2020 16:00:00,115.47,,,
2/26/2020 16:00:00,115.35,,,
2/27/2020 16:00:00,115.37,,,
2/28/2020 16:00:00,116.22,,,
3/2/2020 16:00:00,115.94,,,
3/3/2020 16:00:00,116.73,,,
3/4/2020 16:00:00,116.64,,,
3/5/2020 16:00:00,117,,,
3/6/2020 16:00:00,117.86,,,
3/9/2020 16:00:00,117.71,,,
3/10/2020 16:00:00,116.38,,,
3/11/2020 16:00:00,114.72,,,
3/12/2020 16:00:00,110.13,,,
3/13/2020 16:00:00,111.86,,,
3/16/2020 16:00:00,113.73,,,
3/17/2020 16:00:00,110.79,,,
3/18/2020 16:00:00,106.57,,,
3/19/2020 16:00:00,108.95,,,
3/20/2020 16:00:00,110.03,,,
3/23/2020 16:00:00,112.64,,,
3/24/2020 16:00:00,113.57,,,
3/25/2020 16:00:00,114.73,,,
3/26/2020 16:00:00,115.08,,,
3/27/2020 16:00:00,115.57,,,
3/30/2020 16:00:00,115.68,,,
3/31/2020 16:00:00,115.37,,,
4/1/2020 16:00:00,114.73,,,
4/2/2020 16:00:00,114.9,,,
4/3/2020 16:00:00,114.98,,,
4/6/2020 16:00:00,115.54,,,
4/7/2020 16:00:00,115.7,,,
4/8/2020 16:00:00,115.81,,,
4/9/2020 16:00:00,117.25,,,
4/13/2020 16:00:00,116.7,,,
4/14/2020 16:00:00,116.76,,,
4/15/2020 16:00:00,117.24,,,
4/16/2020 16:00:00,117.39,,,
4/17/2020 16:00:00,117.25,,,
4/20/2020 16:00:00,117.08,,,
4/21/2020 16:00:00,117.14,,,
4/22/2020 16:00:00,117.14,,,
4/23/2020 16:00:00,117.42,,,
4/24/2020 16:00:00,117.36,,,
4/27/2020 16:00:00,116.82,,,
4/28/2020 16:00:00,117.28,,,
4/29/2020 16:00:00,117.36,,,
4/30/2020 16:00:00,117.1,,,
5/1/2020 16:00:00,116.87,,,
5/4/2020 16:00:00,116.97,,,
5/5/2020 16:00:00,116.88,,,
5/6/2020 16:00:00,116.41,,,
5/7/2020 16:00:00,116.77,,,
5/8/2020 16:00:00,116.46,,,
5/11/2020 16:00:00,116.11,,,
5/12/2020 16:00:00,116.41,,,
5/13/2020 16:00:00,116.6,,,
5/14/2020 16:00:00,116.96,,,
5/15/2020 16:00:00,117.03,,,
5/18/2020 16:00:00,116.86,,,
5/19/2020 16:00:00,116.99,,,
5/20/2020 16:00:00,117.29,,,
5/21/2020 16:00:00,117.38,,,
5/22/2020 16:00:00,117.44,,,
5/26/2020 16:00:00,117.25,,,
5/27/2020 16:00:00,117.42,,,
5/28/2020 16:00:00,117.34,,,
5/29/2020 16:00:00,117.65,,,
6/1/2020 16:00:00,117.37,,,
6/2/2020 16:00:00,117.47,,,
6/3/2020 16:00:00,117.18,,,
6/4/2020 16:00:00,116.83,,,
6/5/2020 16:00:00,116.9,,,
6/8/2020 16:00:00,117.03,,,
6/9/2020 16:00:00,117.18,,,
6/10/2020 16:00:00,117.66,,,
6/11/2020 16:00:00,117.46,,,
6/12/2020 16:00:00,117.58,,,
6/15/2020 16:00:00,117.97,,,
6/16/2020 16:00:00,117.74,,,
6/17/2020 16:00:00,117.64,,,
6/18/2020 16:00:00,117.76,,,
6/19/2020 16:00:00,117.8,,,
6/22/2020 16:00:00,117.77,,,
6/23/2020 16:00:00,117.75,,,
6/24/2020 16:00:00,117.73,,,
6/25/2020 16:00:00,117.87,,,
6/26/2020 16:00:00,118.01,,,
6/29/2020 16:00:00,118.11,,,
6/30/2020 16:00:00,118.21,,,
7/1/2020 16:00:00,118.05,,,
7/2/2020 16:00:00,118.19,,,
7/6/2020 16:00:00,118.18,,,
7/7/2020 16:00:00,118.36,,,
7/8/2020 16:00:00,118.32,,,
7/9/2020 16:00:00,118.63,,,
7/10/2020 16:00:00,118.49,,,
7/13/2020 16:00:00,118.48,,,
7/14/2020 16:00:00,118.67,,,
7/15/2020 16:00:00,118.68,,,
7/16/2020 16:00:00,118.76,,,
7/17/2020 16:00:00,118.88,,,
7/20/2020 16:00:00,119.01,,,
7/21/2020 16:00:00,119.08,,,
7/22/2020 16:00:00,119.18,,,
7/23/2020 16:00:00,119.32,,,
7/24/2020 16:00:00,119.28,,,
7/27/2020 16:00:00,119.2,,,
7/28/2020 16:00:00,119.28,,,
7/29/2020 16:00:00,119.42,,,
7/30/2020 16:00:00,119.51,,,
7/31/2020 16:00:00,119.56,,,
8/3/2020 16:00:00,119.4,,,
8/4/2020 16:00:00,119.63,,,
8/5/2020 16:00:00,119.4,,,
8/6/2020 16:00:00,119.57,,,
8/7/2020 16:00:00,119.43,,,
8/10/2020 16:00:00,119.32,,,
8/11/2020 16:00:00,118.99,,,
8/12/2020 16:00:00,118.75,,,
8/13/2020 16:00:00,118.31,,,
8/14/2020 16:00:00,118.2,,,
8/17/2020 16:00:00,118.36,,,
8/18/2020 16:00:00,118.53,,,
8/19/2020 16:00:00,118.35,,,
8/20/2020 16:00:00,118.56,,,
8/21/2020 16:00:00,118.68,,,
8/24/2020 16:00:00,118.63,,,
8/25/2020 16:00:00,118.38,,,
8/26/2020 16:00:00,118.36,,,
8/27/2020 16:00:00,117.95,,,
8/28/2020 16:00:00,118.11,,,
8/31/2020 16:00:00,118.37,,,
9/1/2020 16:00:00,118.42,,,
9/2/2020 16:00:00,118.66,,,
9/3/2020 16:00:00,118.69,,,
9/4/2020 16:00:00,118.1,,,
9/8/2020 16:00:00,118.23,,,
9/9/2020 16:00:00,118.22,,,
9/10/2020 16:00:00,118.23,,,
9/11/2020 16:00:00,118.37,,,
9/14/2020 16:00:00,118.38,,,
9/15/2020 16:00:00,118.39,,,
9/16/2020 16:00:00,118.33,,,
9/17/2020 16:00:00,118.36,,,
9/18/2020 16:00:00,118.22,,,
9/21/2020 16:00:00,118.24,,,
9/22/2020 16:00:00,118.33,,,
9/23/2020 16:00:00,118.08,,,
9/24/2020 16:00:00,118.09,,,
9/25/2020 16:00:00,118.13,,,
9/28/2020 16:00:00,118.23,,,
9/29/2020 16:00:00,118.25,,,
9/30/2020 16:00:00,118.06,,,
10/1/2020 16:00:00,118.02,,,
10/2/2020 16:00:00,117.9,,,
10/5/2020 16:00:00,117.52,,,
10/6/2020 16:00:00,117.62,,,
10/7/2020 16:00:00,117.54,,,
10/8/2020 16:00:00,117.69,,,
10/9/2020 16:00:00,117.72,,,
10/12/2020 16:00:00,117.95,,,
10/13/2020 16:00:00,117.98,,,
10/14/2020 16:00:00,118.05,,,
10/15/2020 16:00:00,117.95,,,
10/16/2020 16:00:00,117.89,,,
10/19/2020 16:00:00,117.75,,,
10/20/2020 16:00:00,117.65,,,
10/21/2020 16:00:00,117.51,,,
10/22/2020 16:00:00,117.3,,,
10/23/2020 16:00:00,117.47,,,
10/26/2020 16:00:00,117.63,,,
10/27/2020 16:00:00,117.9,,,
10/28/2020 16:00:00,117.73,,,
10/29/2020 16:00:00,117.52,,,
10/30/2020 16:00:00,117.2,,,
11/2/2020 16:00:00,117.22,,,
11/3/2020 16:00:00,117.17,,,
11/4/2020 16:00:00,117.95,,,
11/5/2020 16:00:00,118.06,,,
11/6/2020 16:00:00,117.8,,,
11/9/2020 16:00:00,117.25,,,
11/10/2020 16:00:00,117.06,,,
11/11/2020 16:00:00,117.13,,,
11/12/2020 16:00:00,117.62,,,
11/13/2020 16:00:00,117.64,,,
11/16/2020 16:00:00,117.63,,,
11/17/2020 16:00:00,117.87,,,
11/18/2020 16:00:00,117.95,,,
11/19/2020 16:00:00,118.17,,,
11/20/2020 16:00:00,118.29,,,
11/23/2020 16:00:00,118.26,,,
11/24/2020 16:00:00,118.1,,,
11/25/2020 16:00:00,118.06,,,
11/27/2020 13:00:00,118.26,,,
11/30/2020 16:00:00,118.42,,,
12/1/2020 16:00:00,117.84,,,
12/2/2020 16:00:00,117.71,,,
12/3/2020 16:00:00,117.91,,,
12/4/2020 16:00:00,117.59,,,
12/7/2020 16:00:00,117.77,,,
12/8/2020 16:00:00,117.78,,,
12/9/2020 16:00:00,117.61,,,
12/10/2020 16:00:00,117.9,,,
12/11/2020 16:00:00,118.03,,,
12/14/2020 16:00:00,117.96,,,
12/15/2020 16:00:00,118.03,,,
12/16/2020 16:00:00,117.98,,,
12/17/2020 16:00:00,117.85,,,
12/18/2020 16:00:00,117.79,,,
12/21/2020 16:00:00,117.79,,,
12/22/2020 16:00:00,117.96,,,
12/23/2020 16:00:00,117.88,,,
12/24/2020 13:00:00,117.99,,,
12/28/2020 16:00:00,118.01,,,
12/29/2020 16:00:00,118.03,,,
12/30/2020 16:00:00,118.1,,,